Track Name,Track ID,Artists,Artist Count,Track_Name
Into You,76FZM38RC8XaAjJ77CVTNe,ariana grande,1,into you
Glad You Came,5yDL13y5giogKs2fSNf7sj,the wanted,1,glad you came
Dark Horse,5jrdCoLpJSvHHorevXBATy,katy perry,2,dark horse
Dark Horse,5jrdCoLpJSvHHorevXBATy,juicy j,2,dark horse
Who Knew - Edit,2hns6Dv29Yrg68AVTJiAyA,p!nk,1,who knew  edit
Closer,7BKLCZ1jbUBVqRi2FVlTVw,the chainsmokers,2,closer
Closer,7BKLCZ1jbUBVqRi2FVlTVw,halsey,2,closer
greedy,3rUGC1vUpkDG9CZFHMur1t,tate mcrae,1,greedy
Viva La Vida,4zOfy9kqJlG0ZXvcaSh4gv,coldplay,1,viva la vida
My House,3jomjC6H7YQBRr2CHPtc4y,flo rida,1,my house
Peaches (feat. Daniel Caesar & Giveon),4iJyoBOLtHqaGxP12qzhQI,justin bieber,3,peaches feat daniel caesar  giveon
Peaches (feat. Daniel Caesar & Giveon),4iJyoBOLtHqaGxP12qzhQI,daniel caesar,3,peaches feat daniel caesar  giveon
Peaches (feat. Daniel Caesar & Giveon),4iJyoBOLtHqaGxP12qzhQI,giveon,3,peaches feat daniel caesar  giveon
As It Was,4Dvkj6JhhA12EX05fT7y2e,harry styles,1,as it was
Wildest Dreams (Taylor's Version),1K39ty6o1sHwwlZwO6a7wK,taylor swift,1,wildest dreams taylors version
Born This Way,30XU4suKzCeoCK9YFzdufg,lady gaga,1,born this way
Love Song,4E6cwWJWZw2zWf7VFbH7wf,sara bareilles,1,love song
I Kissed A Girl,14iN3o8ptQ8cFVZTEmyQRV,katy perry,1,i kissed a girl
We Don't Talk Anymore (feat. Selena Gomez),54PbBpquVfhfrwRwvjSXbI,charlie puth,2,we dont talk anymore feat selena gomez
We Don't Talk Anymore (feat. Selena Gomez),54PbBpquVfhfrwRwvjSXbI,selena gomez,2,we dont talk anymore feat selena gomez
Flowers,7DSAEUvxU8FajXtRloy8M0,miley cyrus,1,flowers
"yes, and?",7gaA3wERFkFkgivjwbSvkG,ariana grande,1,yes and
Die Young,7EQGXaVSyEDsCWKmUcfpLk,kesha,1,die young
Espresso,1QUyotJH8XoTEan8aZdsiV,sabrina carpenter,1,espresso
Ride,2Z8WuEywRWYTKe1NybPQEW,twenty one pilots,1,ride
I Like You (A Happier Song) (with Doja Cat),0O6u0VJ46W86TxN9wgyqDj,post malone,2,i like you a happier song with doja cat
I Like You (A Happier Song) (with Doja Cat),0O6u0VJ46W86TxN9wgyqDj,doja cat,2,i like you a happier song with doja cat
This Is Why,7HdXRMw14roDx2a0COWk3M,paramore,1,this is why
Side To Side,44ONERBHALxftQNWq6dmyd,ariana grande,2,side to side
Side To Side,44ONERBHALxftQNWq6dmyd,nicki minaj,2,side to side
I'm Good (Blue),4uUG5RXrOk84mYEfFvj3cK,david guetta,2,im good blue
I'm Good (Blue),4uUG5RXrOk84mYEfFvj3cK,bebe rexha,2,im good blue
Houdini,6D8y7Bck8h11byRY88Pt2z,dua lipa,1,houdini
Sunroof,5YqEzk3C5c3UZ1D5fJUlXA,nicky youre,2,sunroof
Sunroof,5YqEzk3C5c3UZ1D5fJUlXA,dazy,2,sunroof
Kill Bill,1Qrg8KqiBpW07V7PNxwwwL,sza,1,kill bill
Love You Like A Love Song,0laYHRpNTS6i8FXdupHkJ4,selena gomez & the scene,1,love you like a love song
Heart Attack,4v0hWD4N6qefyFrmSGLjTV,demi lovato,1,heart attack
Wake Me Up,0nrRP2bk19rLc0orkWPQk2,avicii,1,wake me up
(You Drive Me) Crazy,1DSJNBNhGZCigg9ll5VeZv,britney spears,1,you drive me crazy
Lose Control,17phhZDn6oGtzMe56NuWvj,teddy swims,1,lose control
Party In The U.S.A.,3E7dfMvvCLUddWissuqMwr,miley cyrus,1,party in the usa
Toxic,6I9VzXrHxO9rA9A5euc8Ak,britney spears,1,toxic
Fix You,7LVHVU3tWfcxj5aiPFEW4Q,coldplay,1,fix you
Hey Brother,4lhqb6JvbHId48OUJGwymk,avicii,1,hey brother
Believe,3OgZdIAHaDMOtYq8Z5iCQ5,mumford & sons,1,believe
Escapism.,5mHdCZtVyb4DcJw8799hZp,raye,2,escapism
Escapism.,5mHdCZtVyb4DcJw8799hZp,070 shake,2,escapism
Still into You,1yjY7rpaAQvKwpdUliHx0d,paramore,1,still into you
Where Is The Love?,0xmjwnQ3FNE6HuWCt2nHdZ,black eyed peas,1,where is the love
I Believe,1vYh9x8UmFTLbXiizk9Qc5,jonas brothers,1,i believe
Addicted To U,3QoGJaMzA9hYHXXACCW3Jb,chris webby,1,addicted to u
Cupid - Twin Ver.,4gXHG9domIKO6FIViDISA4,fifty fifty,1,cupid  twin ver
Don't Cha,4o3cq2szX7THGyZDsWtp59,the pussycat dolls,2,dont cha
Don't Cha,4o3cq2szX7THGyZDsWtp59,busta rhymes,2,dont cha
Hard Times,0w5Bdu51Ka25Pf3hojsKHh,paramore,1,hard times
Get Lucky (feat. Pharrell Williams and Nile Rodgers),69kOkLUCkxIZYexIgSG8rq,daft punk,3,get lucky feat pharrell williams and nile rodgers
Get Lucky (feat. Pharrell Williams and Nile Rodgers),69kOkLUCkxIZYexIgSG8rq,pharrell williams,3,get lucky feat pharrell williams and nile rodgers
Get Lucky (feat. Pharrell Williams and Nile Rodgers),69kOkLUCkxIZYexIgSG8rq,nile rodgers,3,get lucky feat pharrell williams and nile rodgers
People,26b3oVLrRUaaybJulow9kz,libianca,1,people
Careful,6h5IL0pHkYw2SXD7OYSDxj,george cooksey,2,careful
Careful,6h5IL0pHkYw2SXD7OYSDxj,mblue,2,careful
Last Friday Night (T.G.I.F.),3KoTtGEDiBwUWzdRQVh9lh,katy perry,1,last friday night tgif
Brave,6Uy6K3KdmUdAfelUp0SeXn,sara bareilles,1,brave
TiK ToK,0HPD5WQqrq7wPWR7P7Dw1i,kesha,1,tik tok
Moonlight,2i2gDpKKWjvnRTOZRhaPh2,kali uchis,1,moonlight
Call Me Maybe,20I6sIOMTCkB6w7ryavxtO,carly rae jepsen,1,call me maybe
Money Up,5gxIRLX1HMXRc4Olqgw3qV,justina valentine,1,money up
Running Out Of Time,5NRtdsFFlmyE8qDMgS08PE,paramore,1,running out of time
See You Again (feat. Charlie Puth),2JzZzZUQj3Qff7wapcbKjc,wiz khalifa,2,see you again feat charlie puth
See You Again (feat. Charlie Puth),2JzZzZUQj3Qff7wapcbKjc,charlie puth,2,see you again feat charlie puth
Happy,60nZcImufyMA1MKQY3dcCH,pharrell williams,1,happy
Womanizer,4fixebDZAVToLbUCuEloa2,britney spears,1,womanizer
Sign of the Times,5Ohxk2dO5COHF1krpoPigN,harry styles,1,sign of the times
On Yo Head,2di5TT0I0zFJdqhQpBtgPb,4ourty8,1,on yo head
S&M,0C4ejWmOTMv8vuYj85mf8m,rihanna,1,sm
Sugar,2iuZJX9X9P0GKaE93xcPjk,maroon 5,1,sugar
Set Fire to the Rain,3di5hcvxxciiqwMH1jarhY,adele,1,set fire to the rain
Pump It,2ygMBIctKIAfbEBcT9065L,black eyed peas,1,pump it
Bad Liar,2RSHsoi04658QL5xgQVov3,imagine dragons,1,bad liar
BET DAT,5JCogXAhg0phRFvRcQMHyr,flight,1,bet dat
Single Ladies (Put a Ring on It),5mMjkxGijQB4JZallYrkOW,beyoncé,1,single ladies put a ring on it
Apple,19RybK6XDbAVpcdxSbZL1o,charli xcx,1,apple
...Baby One More Time,3MjUtNVVq3C8Fn0MP3zhXa,britney spears,1,baby one more time
Royals,2dLLR6qlu5UJ5gk0dKz0h3,lorde,1,royals
Girl on Fire,4esOae7i4rqTbAu9o5Pxco,alicia keys,1,girl on fire
Camera Shy,1gFGXOA36IBAMUTK6GcjRZ,ghais guevara,1,camera shy
Party Rock Anthem,1ve0SgTZkv3wdggJLqtBYU,lmfao,3,party rock anthem
Party Rock Anthem,1ve0SgTZkv3wdggJLqtBYU,lauren bennett,3,party rock anthem
Party Rock Anthem,1ve0SgTZkv3wdggJLqtBYU,goonrock,3,party rock anthem
Run It!,7xYnUQigPoIDAMPVK79NEq,chris brown,2,run it
Run It!,7xYnUQigPoIDAMPVK79NEq,juelz santana,2,run it
Dancing in the Moonlight,1FHNctV68GUNLgXclG2DtR,toploader,1,dancing in the moonlight
Bad Day,0mUyMawtxj1CJ76kn9gIZK,daniel powter,1,bad day
Go Clear,3emQQCKlkvfoD68yXJgmiB,jaidyn hurst,1,go clear
We Found Love,0U10zFw4GlBacOy9VDGfGL,rihanna,2,we found love
We Found Love,0U10zFw4GlBacOy9VDGfGL,calvin harris,2,we found love
Firework,0kUMtZVaYb7EETkBdrEXXA,katy perry,1,firework
A Bar Song (Tipsy),2FQrifJ1N335Ljm3TjTVVf,shaboozey,1,a bar song tipsy
Since U Been Gone,3xrn9i8zhNZsTtcoWgQEAd,kelly clarkson,1,since u been gone
Deep in love,6QKajuIu0mBuiUZGII9BKn,dfl checo,1,deep in love
Heat Waves,3USxtqRwSYz57Ewm6wWRMp,glass animals,1,heat waves
We Can't Stop,2y4lAQpi5VTNLu2ldeTdUH,miley cyrus,1,we cant stop
Gangnam Style (강남스타일),03UrZgTINDqvnUMbbIMhql,psy,1,gangnam style 강남스타일
Beautiful,3TCauNPqFiniaYHBvEVoHG,christina aguilera,1,beautiful
Broken Boi Boi,4QPSbhqdI31jlL1hHI1imw,flight,1,broken boi boi
Paparazzi,02XnQdf7sipaKBBHixz3Zp,lady gaga,1,paparazzi
Snow (Hey Oh),2aibwv5hGXSgw7Yru8IYTO,red hot chili peppers,1,snow hey oh
Rude,18n3RlT0UNcy2yHImHy8IT,magic!,1,rude
IM REALLY HERE,0x31rx6nhNEPRgJajx5dbO,4ourty8,1,im really here
Radioactive,62yJjFtgkhUrXktIoSjgP2,imagine dragons,1,radioactive
All About That Bass,5jE48hhRu8E6zBDPRSkEq7,meghan trainor,1,all about that bass
Daylight,1odExI7RdWc4BT515LTAwj,david kushner,1,daylight
America's Most Wanted,3xznQWxVj9bRAYAO5M4FT5,gabi sklar,1,americas most wanted
Feel It Still,6QgjcU0zLnzq5OrUoSZ3OK,portugal. the man,1,feel it still
One Dance,1zi7xx7UVEFkmKfv06H8x0,drake,3,one dance
One Dance,1zi7xx7UVEFkmKfv06H8x0,wizkid,3,one dance
One Dance,1zi7xx7UVEFkmKfv06H8x0,kyla,3,one dance
Teenage Dream,6b4IqYnduSQl3fE5YIbYVs,katy perry,1,teenage dream
pulluh.,3a7D2kFenQmIrLDZv91LUZ,voodoobaby,1,pulluh
Whistle,3bC1ahPIYt1btJzSSEyyrF,flo rida,1,whistle
"CAN'T STOP THE FEELING! (from DreamWorks Animation's ""TROLLS"")",6JV2JOEocMgcZxYSZelKcc,justin timberlake,1,cant stop the feeling from dreamworks animations trolls
Treat You Better,3QGsuHI8jO1Rx4JWLUh9jd,shawn mendes,1,treat you better
Slizzy Flow,4bb24qJy1jwBwvHCe6bOyA,lougotcash,3,slizzy flow
Slizzy Flow,4bb24qJy1jwBwvHCe6bOyA,cash cobain,3,slizzy flow
Slizzy Flow,4bb24qJy1jwBwvHCe6bOyA,bay swag,3,slizzy flow
Crazy In Love (feat. Jay-Z),5IVuqXILoxVWvWEPm82Jxr,beyoncé,2,crazy in love feat jayz
Crazy In Love (feat. Jay-Z),5IVuqXILoxVWvWEPm82Jxr,jay-z,2,crazy in love feat jayz
The One That Got Away,2k3MdyqMHmfZubFg3pmtby,katy perry,1,the one that got away
Big Girls Don't Cry (Personal),0lupJBVy4UQrvI4Oy3PvI7,fergie,1,big girls dont cry personal
All I See Is You,6uAEuFWeNJNjRFEC2ECduz,milky sad,1,all i see is you
Cruel Summer,1BxfuPKGuaTgP7aM0Bbdwr,taylor swift,1,cruel summer
Uptown Funk (feat. Bruno Mars),32OlwWuMpZ6b0aN2RZOeMS,mark ronson,2,uptown funk feat bruno mars
Uptown Funk (feat. Bruno Mars),32OlwWuMpZ6b0aN2RZOeMS,bruno mars,2,uptown funk feat bruno mars
Selfish,0QosomGFiJYOxj2ViZfqng,justin timberlake,1,selfish
Breathe,6xyKeaC0Y3lbsYe3WF1gOa,josh x,1,breathe
Blank Space,1u8c2t2Cy7UBoG4ArRcF5g,taylor swift,1,blank space
Hollaback Girl,0LzrhCZFXW94Y8nwtTuRlw,gwen stefani,1,hollaback girl
Somebody That I Used To Know,1qDrWA6lyx8cLECdZE7TV7,gotye,2,somebody that i used to know
Somebody That I Used To Know,1qDrWA6lyx8cLECdZE7TV7,kimbra,2,somebody that i used to know
One Down,0Ao0VNfKEv8o4raTRFAzmJ,davo,1,one down
Somewhere Only We Know,1SKPmfSYaPsETbRHaiA18G,keane,1,somewhere only we know
I Had Some Help (Feat. Morgan Wallen),7221xIgOnuakPdLqT0F3nP,post malone,2,i had some help feat morgan wallen
I Had Some Help (Feat. Morgan Wallen),7221xIgOnuakPdLqT0F3nP,morgan wallen,2,i had some help feat morgan wallen
Timber,3tgZ9vmhuAY9wEoNUJskzV,pitbull,2,timber
Timber,3tgZ9vmhuAY9wEoNUJskzV,kesha,2,timber
Hello Midnight,3RGtJLfjmGSIR2ZAR9nbTJ,gabi sklar,1,hello midnight
Die For You - Remix,7oDd86yk8itslrA9HRP2ki,the weeknd,2,die for you  remix
Die For You - Remix,7oDd86yk8itslrA9HRP2ki,ariana grande,2,die for you  remix
Summer,6YUTL4dYpB9xZO5qExPf05,calvin harris,1,summer
California Gurls,5uOUxoxEMZQo0cFT9YWFdi,katy perry,2,california gurls
California Gurls,5uOUxoxEMZQo0cFT9YWFdi,snoop dogg,2,california gurls
Eve,77fFEJnLlmhElEELieMNtH,yellacatt,1,eve
Galway Girl,0afhq8XCExXpqazXczTSve,ed sheeran,1,galway girl
Sk8er Boi,00Mb3DuaIH1kjrwOku9CGU,avril lavigne,1,sk8er boi
This Love (Taylor’s Version),5QVVjX0ZItqlVpEuVCM9Yg,taylor swift,1,this love taylors version
Fetch,0XKoxOQcY2kO43KdCGcTJk,justina valentine,1,fetch
Rose-Colored Boy,2RJfK2pOvGpnxC255YOy5k,paramore,1,rosecolored boy
we can't be friends (wait for your love),51ZQ1vr10ffzbwIjDCwqm4,ariana grande,1,we cant be friends wait for your love
Cold Heart - PNAU Remix,6zSpb8dQRaw0M1dK8PBwQz,elton john,3,cold heart  pnau remix
Cold Heart - PNAU Remix,6zSpb8dQRaw0M1dK8PBwQz,dua lipa,3,cold heart  pnau remix
Cold Heart - PNAU Remix,6zSpb8dQRaw0M1dK8PBwQz,pnau,3,cold heart  pnau remix
Halloween Freestyle Challenge,4Wq49RVjGMctR2K6avnIi2,mike g,1,halloween freestyle challenge
Treasure,55h7vJchibLdUkxdlX3fK7,bruno mars,1,treasure
Diamonds,7i0jaBLpIADxqNbhAb4XFb,rihanna,1,diamonds
Can't Feel My Face,22VdIZQfgXJea34mQxlt81,the weeknd,1,cant feel my face
Don't Ask Me,1qqaJCS3LtdQnCHt0noTmP,young buck,2,dont ask me
Don't Ask Me,1qqaJCS3LtdQnCHt0noTmP,dj paul,2,dont ask me
Raise Your Glass,1gv4xPanImH17bKZ9rOveR,p!nk,1,raise your glass
Someone You Loved,2TIlqbIneP0ZY1O0EzYLlc,lewis capaldi,1,someone you loved
Heathens,6i0V12jOa3mr6uu4WYhUBr,twenty one pilots,1,heathens
Letter To The Ville,16sKg4HXuwnu9kT7KMdNRO,pfg,1,letter to the ville
Love Yourself,50kpGaPAhYJ3sGmk6vplg0,justin bieber,1,love yourself
Roar,6F5c58TMEs1byxUstkzVeM,katy perry,1,roar
Something Just Like This,6RUKPb4LETWmmr3iAEQktW,the chainsmokers,2,something just like this
Something Just Like This,6RUKPb4LETWmmr3iAEQktW,coldplay,2,something just like this
Supernatural Reminder,5iyU5vEeCaqNH1dv5wnEeh,kenzo cregan,1,supernatural reminder
Attention,11xC6P3iKYpFThT6Ce1KdG,doja cat,1,attention
Misery Business,3l9CW99AHtExIRV4hW2N5m,paramore,1,misery business
Neon Hong Kong,4uRxSAu5i1o0v65aBGMQz6,riff raff,3,neon hong kong
Neon Hong Kong,4uRxSAu5i1o0v65aBGMQz6,ku$h drifter,3,neon hong kong
Neon Hong Kong,4uRxSAu5i1o0v65aBGMQz6,yng bnzo,3,neon hong kong
New Rules,4LihUZcWy0B6lGLqcJ8u9B,dua lipa,1,new rules
Just the Way You Are,47Slg6LuqLaX0VodpSCvPt,bruno mars,1,just the way you are
Nothing Like Your Lips,6HyuWmEDUU44210RVW65dC,yoko gold,1,nothing like your lips
obsessed,6tNgRQ0K2NYZ0Rb9l9DzL8,olivia rodrigo,1,obsessed
Please Please Please,1KE8CYkUEbVbCdEyO1nIfU,sabrina carpenter,1,please please please
ABRACADABRA,2jlrTEi9bJfNgDhAmbYDiE,yellacatt,1,abracadabra
Survivor,5sN8MGWR2pu2Rn3oAOPYXt,destiny's child,1,survivor
You're Beautiful,0vg4WnUWvze6pBOJDTq99k,james blunt,1,youre beautiful
SOS,30cSNer6TV8x2utjULVeQ5,rihanna,1,sos
19,4dcIFhtq7Lr6cukZKHpdzX,sunny daze,2,19
19,4dcIFhtq7Lr6cukZKHpdzX,taylor hill,2,19
Domino,2fQxE0jVrjNMT9oJAXtSJR,jessie j,1,domino
Umbrella,5i66xrvSh1MjjyDd6zcwgj,rihanna,2,umbrella
Umbrella,5i66xrvSh1MjjyDd6zcwgj,jay-z,2,umbrella
Cool for the Summer,2zFF6jG5hQArbzcXz3KUWk,demi lovato,1,cool for the summer
We Made It,2i8jxd3ShcCGazjmZ527Zh,yung xavi,2,we made it
We Made It,2i8jxd3ShcCGazjmZ527Zh,juno!,2,we made it
golden hour,5odlY52u43F5BjByhxg7wg,jvke,1,golden hour
Baby,6epn3r7S14KUqlReYr77hA,justin bieber,2,baby
Baby,6epn3r7S14KUqlReYr77hA,ludacris,2,baby
Strawberry Soda,27RAfEoM7qX8vjNdctZXD4,justina valentine,1,strawberry soda
Everytime We Touch - Radio Edit,5YJtMNWKe55yr49cyJgxva,cascada,1,everytime we touch  radio edit
Love The Way You Lie,15JINEqzVMv3SvJTAXAKED,eminem,2,love the way you lie
Love The Way You Lie,15JINEqzVMv3SvJTAXAKED,rihanna,2,love the way you lie
San Diego,75A8hKaLCXb8ISPg7DBcOJ,reyn hartley,1,san diego
She Will Be Loved,4llK75pXNWZz6KAho2Gp16,maroon 5,1,she will be loved
Sexy And I Know It,2EZ2KXLqs9zdRVVMMz1IsH,lmfao,1,sexy and i know it
Summersalt Thru The Sunroof - Chopped Not Slopped,4DarFONlUNB9Y9Zz4DV7kZ,riff raff,1,summersalt thru the sunroof  chopped not slopped
Hey Ya!,3AszgPDZd9q0DpDFt4HFBy,outkast,1,hey ya
Till the World Ends,38iU2jg98IZZEIJPrP7aWD,britney spears,1,till the world ends
Pompeii,4Ub8UsjWuewQrPhuepfVpd,bastille,1,pompeii
Hot Girl Summer,1Gf26Mfp45ofO8A8dwCS1P,milky sad,1,hot girl summer
Cold Water (feat. Justin Bieber & MØ),6Bjtr3tPdto5nyuLYf61sN,major lazer,3,cold water feat justin bieber  mø
Cold Water (feat. Justin Bieber & MØ),6Bjtr3tPdto5nyuLYf61sN,justin bieber,3,cold water feat justin bieber  mø
Cold Water (feat. Justin Bieber & MØ),6Bjtr3tPdto5nyuLYf61sN,mø,3,cold water feat justin bieber  mø
Drag Me Down,2K87XMYnUMqLcX3zvtAF4G,one direction,1,drag me down
Tip Toe In Rick Owens - Chopped Not Slopped,7L4hymrOCGc0YKHA0n8dGs,riff raff,3,tip toe in rick owens  chopped not slopped
Tip Toe In Rick Owens - Chopped Not Slopped,7L4hymrOCGc0YKHA0n8dGs,sada baby,3,tip toe in rick owens  chopped not slopped
Tip Toe In Rick Owens - Chopped Not Slopped,7L4hymrOCGc0YKHA0n8dGs,sauce walka,3,tip toe in rick owens  chopped not slopped
Grenade,4lLtanYk6tkMvooU0tWzG8,bruno mars,1,grenade
"Good Luck, Babe!",0WbMK4wrZ1wFSty9F7FCgu,chappell roan,1,good luck babe
Stronger (What Doesn't Kill You),1nInOsHbtotAmEOQhtvnzP,kelly clarkson,1,stronger what doesnt kill you
Splashy,1Q6zV75Yo6ckqE9qAikP0T,justina valentine,1,splashy
Don't Let Me Down,1i1fxkWeaMmKEB4T7zqbzK,the chainsmokers,2,dont let me down
Don't Let Me Down,1i1fxkWeaMmKEB4T7zqbzK,daya,2,dont let me down
"I Love You, I'm Sorry",51rfRCiUSvxXlCSCfIztBy,gracie abrams,1,i love you im sorry
Bye Bye Bye - From Deadpool and Wolverine Soundtrack,62bOmKYxYg7dhrC6gH9vFn,*nsync,1,bye bye bye  from deadpool and wolverine soundtrack
Reminiscing,5OznfL8VRFx0fpfyLH19yy,eiza murphy,1,reminiscing
The Lazy Song,386RUes7n1uM1yfzgeUuwp,bruno mars,1,the lazy song
You & I,5ubTvvH1TzZ8UrcYqJgc3Q,touching faces,2,you  i
You & I,5ubTvvH1TzZ8UrcYqJgc3Q,dean andrew,2,you  i
Is It Over Now? (Taylor's Version) (From The Vault),1Iq8oo9XkmmvCQiGOfORiz,taylor swift,1,is it over now taylors version from the vault
I Ain't Worried,4h9wh7iOZ0GGn8QVp4RAOB,onerepublic,1,i aint worried
Igual Que Un Ángel (with Peso Pluma),6XaJfhwof7qIgbbXO5tIQI,kali uchis,2,igual que un ángel with peso pluma
Igual Que Un Ángel (with Peso Pluma),6XaJfhwof7qIgbbXO5tIQI,peso pluma,2,igual que un ángel with peso pluma
Elastic Heart,6kwAbEjseqBob48jCus7Sz,sia,1,elastic heart
PILLOWTALK,0PDUDa38GO8lMxLCRc4lL1,zayn,1,pillowtalk
Fàájì,2qJlG7VkKXttfLSH2apu1E,dap the contract,2,fàájì
Fàájì,2qJlG7VkKXttfLSH2apu1E,suté iwar,2,fàájì
Radio,3taCbWWTilb7eNMsAzOBq4,lana del rey,1,radio
The Greatest (feat. Kendrick Lamar),7xHWNBFm6ObGEQPaUxHuKO,sia,2,the greatest feat kendrick lamar
The Greatest (feat. Kendrick Lamar),7xHWNBFm6ObGEQPaUxHuKO,kendrick lamar,2,the greatest feat kendrick lamar
Stressed Out,3CRDbSIZ4r5MsZ0YwxuEkn,twenty one pilots,1,stressed out
Take Me To Church,3dYD57lRAUcMHufyqn9GcI,hozier,1,take me to church
LINK,1VQivuDScakUWIZN5dECPG,rvdent,2,link
LINK,1VQivuDScakUWIZN5dECPG,ku$h drifter,2,link
I Knew You Were Trouble.,6FB3v4YcR57y4tXFcdxI1E,taylor swift,1,i knew you were trouble
Live While We're Young,6Vh03bkEfXqekWp7Y1UBRb,one direction,1,live while were young
TOO MUCH,0rKWJnmo6Q0ovoPOLoLm0t,the kid laroi,3,too much
TOO MUCH,0rKWJnmo6Q0ovoPOLoLm0t,jung kook,3,too much
TOO MUCH,0rKWJnmo6Q0ovoPOLoLm0t,central cee,3,too much
Applause,5ka2ajep9OAvU5Sgduhiex,lady gaga,1,applause
The Only Exception,3ZHfX6kbiY7JVsB63lLOLu,paramore,1,the only exception
Winter In Tokyo,4e9pAAFSX0nkW7equTBYHo,ku$h drifter,2,winter in tokyo
Winter In Tokyo,4e9pAAFSX0nkW7equTBYHo,yng bnzo,2,winter in tokyo
Barbie World (with Aqua) [From Barbie The Album],741UUVE2kuITl0c6zuqqbO,nicki minaj,3,barbie world with aqua from barbie the album
Barbie World (with Aqua) [From Barbie The Album],741UUVE2kuITl0c6zuqqbO,ice spice,3,barbie world with aqua from barbie the album
Barbie World (with Aqua) [From Barbie The Album],741UUVE2kuITl0c6zuqqbO,aqua,3,barbie world with aqua from barbie the album
Are You That Somebody?,3Ch0HLsUMMcqSq6kVHi9wm,aaliyah,1,are you that somebody
Sorry,09CtPGIpYB4BrO8qb1RGsF,justin bieber,1,sorry
Poker Face,1QV6tiMFM6fSOKOGLMHYYg,lady gaga,1,poker face
London Bridge,1GH5tpvz5g1ZGKNBPBWkTm,fergie,1,london bridge
Worth It (feat. Kid Ink),41Fflg7qHiVOD6dEPvsCzO,fifth harmony,2,worth it feat kid ink
Worth It (feat. Kid Ink),41Fflg7qHiVOD6dEPvsCzO,kid ink,2,worth it feat kid ink
Super Shy,5sdQOyqq2IDhvmx2lHOpwd,newjeans,1,super shy
Waiting For Love,2Zr5zgU9qEoOPvJbU0GScq,avicii,1,waiting for love
Marry You,6SKwQghsR8AISlxhcwyA9R,bruno mars,1,marry you
Shape of You,7qiZfU4dY1lWllzX7mPBI3,ed sheeran,1,shape of you
22,6ce41JVa6KFaryfmC2bu2W,taylor swift,1,22
Rich Girl,2Y2q7PkD7lvuWr8YaZfWuv,gwen stefani,2,rich girl
Rich Girl,2Y2q7PkD7lvuWr8YaZfWuv,eve,2,rich girl
On Fire,6kxXgUyPMsP43mbXAMVjWY,metr,1,on fire
Paint The Town Red,56y1jOTK0XSvJzVv9vHQBK,doja cat,1,paint the town red
Dance The Night - From Barbie The Album,1vYXt7VSjH9JIM5oRRo7vA,dua lipa,1,dance the night  from barbie the album
Starships,2EBCVPNAG46nbgs6jXPGvv,nicki minaj,1,starships
Blurred Lines,5PUvinSo4MNqW7vmomGRS7,robin thicke,3,blurred lines
Blurred Lines,5PUvinSo4MNqW7vmomGRS7,t.i.,3,blurred lines
Blurred Lines,5PUvinSo4MNqW7vmomGRS7,pharrell williams,3,blurred lines
Ghost Boy,6Sjl4KtCBxaJza3BTTXJE6,jacob tillberg,1,ghost boy
Complicated,5xEM5hIgJ1jjgcEBfpkt2F,avril lavigne,1,complicated
Apologize,3VVuTYI50T7t0zznR91LNG,onerepublic,1,apologize
Fuck You,1zneM1cLjM6w8BFmukl2Lr,ceelo green,1,fuck you
Lil Boo Thang,0cVyQfDyRnMJ0V3rjjdlU3,paul russell,1,lil boo thang
This Is What You Came For,0azC730Exh71aQlOt9Zj3y,calvin harris,2,this is what you came for
This Is What You Came For,0azC730Exh71aQlOt9Zj3y,rihanna,2,this is what you came for
BANG!,552gcmAoC0Khwyzca21xQn,ku$h drifter,1,bang
Attention,5cF0dROlMOK5uNZtivgu50,charlie puth,1,attention
Club Can't Handle Me (feat. David Guetta),6ebkx7Q5tTxrCxKq4GYj0Y,flo rida,2,club cant handle me feat david guetta
Club Can't Handle Me (feat. David Guetta),6ebkx7Q5tTxrCxKq4GYj0Y,david guetta,2,club cant handle me feat david guetta
So Sick,5203pcq3cNteJuOVhIEnt6,ne-yo,1,so sick
Havana (feat. Young Thug),1rfofaqEpACxVEHIZBJe6W,camila cabello,2,havana feat young thug
Havana (feat. Young Thug),1rfofaqEpACxVEHIZBJe6W,young thug,2,havana feat young thug
A Thousand Miles,4pextOBn0xoPnKf7qrDjWg,vanessa carlton,1,a thousand miles
Run the World (Girls),1uXbwHHfgsXcUKfSZw5ZJ0,beyoncé,1,run the world girls
Cherry Chupacabra Freestyle - Chopped Not Slopped,0ZJgw1nxA8FTD5VyVb7448,riff raff,1,cherry chupacabra freestyle  chopped not slopped
Strong Enough (feat. Bailey Zimmerman),66VuIGcM7fd8NLMoORCqVJ,jonas brothers,2,strong enough feat bailey zimmerman
Strong Enough (feat. Bailey Zimmerman),66VuIGcM7fd8NLMoORCqVJ,bailey zimmerman,2,strong enough feat bailey zimmerman
Issues,7vu0JkJh0ldukEYbTVcqd0,julia michaels,1,issues
Oops!...I Did It Again,6naxalmIoLFWR0siv8dnQQ,britney spears,1,oopsi did it again
Boy's a liar Pt. 2,6AQbmUe0Qwf5PZnt4HmTXv,pinkpantheress,2,boys a liar pt 2
Boy's a liar Pt. 2,6AQbmUe0Qwf5PZnt4HmTXv,ice spice,2,boys a liar pt 2
In the Name of Love,23L5CiUhw2jV1OIMwthR3S,martin garrix,2,in the name of love
In the Name of Love,23L5CiUhw2jV1OIMwthR3S,bebe rexha,2,in the name of love
Wild Ones (feat. Sia),1NpW5kyvO4XrNJ3rnfcNy3,flo rida,2,wild ones feat sia
Wild Ones (feat. Sia),1NpW5kyvO4XrNJ3rnfcNy3,sia,2,wild ones feat sia
Marry The Night,02d1E4NRuh7OEQO4vCb9PD,lady gaga,1,marry the night
There's Nothing Holdin' Me Back,7JJmb5XwzOO8jgpou264Ml,shawn mendes,1,theres nothing holdin me back
Maps,5rwdhliMmo0aAQ08vU0AOZ,maroon 5,1,maps
Smile,79z9QkhHePTFsSeVw9uyj0,lily allen,1,smile
Three Trees,6NWq3JOKCQ21Av7y2q5RFb,jacob tillberg,1,three trees
Cool Kids,13P5rwmk2EsoFRIz9UCeh9,echosmith,1,cool kids
Telephone,6nCDnzErqalOaIY3EJM8NK,lady gaga,2,telephone
Telephone,6nCDnzErqalOaIY3EJM8NK,beyoncé,2,telephone
Like I'm Gonna Lose You (feat. John Legend),2YlZnw2ikdb837oKMKjBkW,meghan trainor,2,like im gonna lose you feat john legend
Like I'm Gonna Lose You (feat. John Legend),2YlZnw2ikdb837oKMKjBkW,john legend,2,like im gonna lose you feat john legend
Photograph,1HNkqx9Ahdgi1Ixy2xkKkL,ed sheeran,1,photograph
Flames,33IOhptvC2Qoy2UhjiHXLV,david guetta,2,flames
Flames,33IOhptvC2Qoy2UhjiHXLV,sia,2,flames
Wrecking Ball,2vwlzO0Qp8kfEtzTsCXfyE,miley cyrus,1,wrecking ball
Flowers - RudeLies Remix,5IR4eSVnuXPu8pJtQuzC5I,jacob tillberg,2,flowers  rudelies remix
Flowers - RudeLies Remix,5IR4eSVnuXPu8pJtQuzC5I,rudelies,2,flowers  rudelies remix
Price Tag,2fTsFCKRFQ5M0igJgabnLA,jessie j,2,price tag
Price Tag,2fTsFCKRFQ5M0igJgabnLA,b.o.b,2,price tag
Calm Down (with Selena Gomez),0WtM2NBVQNNJLh6scP13H8,rema,2,calm down with selena gomez
Calm Down (with Selena Gomez),0WtM2NBVQNNJLh6scP13H8,selena gomez,2,calm down with selena gomez
Ain't No Other Man,7huo2wvrCgRucUsjdSDLQV,christina aguilera,1,aint no other man
Gold Digger,3QHPHLAkYV5cQBUYs6rowx,kanye west,2,gold digger
Gold Digger,3QHPHLAkYV5cQBUYs6rowx,jamie foxx,2,gold digger
We Are Never Ever Getting Back Together,0VwNdo84DaVYLIkbVO86ND,taylor swift,1,we are never ever getting back together
Blinding Lights,365hbjh0wlAIGOfRW5hdZc,jacob tillberg,1,blinding lights
Bad Romance,0SiywuOBRcynK0uKGWdCnn,lady gaga,1,bad romance
IDGAF,5fHNot2sHBsTUMqaGQlksX,dua lipa,1,idgaf
Flowers,1FvOiE8MGWB8MUCAPvro3h,jacob tillberg,1,flowers
It Ain't Me (with Selena Gomez),3eR23VReFzcdmS7TYCrhCe,kygo,2,it aint me with selena gomez
It Ain't Me (with Selena Gomez),3eR23VReFzcdmS7TYCrhCe,selena gomez,2,it aint me with selena gomez
Thinking out Loud,34gCuhDGsG4bRPIf9bb02f,ed sheeran,1,thinking out loud
What the Hell,2z4U9d5OAA4YLNXoCgioxo,avril lavigne,1,what the hell
Cake By The Ocean,76hfruVvmfQbw0eYn1nmeC,dnce,1,cake by the ocean
E.T.,05PNBWOlexyIehkrSmvZSY,katy perry,1,et
Animals,2bL2gyO6kBdLkNSkxXNh6x,maroon 5,1,animals
Training Season,6Qb7YsAqH4wWFUMbGsCpap,dua lipa,1,training season
What Makes You Beautiful,4cluDES4hQEUhmXj6TXkSo,one direction,1,what makes you beautiful
I'm Not The Only One,7795WJLVKJoAyVoOtCWqXN,sam smith,1,im not the only one
Stockholm,198asGCZWwoQVdLxYSlPTx,jubël,1,stockholm
Water,5aIVCx5tnk0ntmdiinnYvw,tyla,1,water
It's ok I'm ok,24XihnoVPWXlKJ4BgXqjVM,tate mcrae,1,
Espresso,2qSkIjg1o9h3YT9RAgYN75,sabrina carpenter,1,
That’s So True,7ne4VBA60CxGM75vw0EYad,gracie abrams,1,
Teenage Dream,55qBw1900pZKfXJ6Q9A2Lc,katy perry,1,
bye,1Rweq7vNjK4kZBbGrmxQsl,ariana grande,1,
"Good Luck, Babe!",0WbMK4wrZ1wFSty9F7FCgu,chappell roan,1,
Call Me Maybe,20I6sIOMTCkB6w7ryavxtO,carly rae jepsen,1,
7 rings,6ocbgoVGwYJhOv1GgI9NsF,ariana grande,1,
How You Get The Girl (Taylor's Version),75W3SngKzTuoQ94uLf3y82,taylor swift,1,
Apple,19RybK6XDbAVpcdxSbZL1o,charli xcx,1,
Naturally,1YaVmBh7EAeR54FIjuFcb5,selena gomez & the scene,1,
Hurricane,7gQ5c5HY6zMsIck6QLY9dJ,bridgit mendler,1,
Close To You,5wbg8kepMFoMzHOEuxiI0q,gracie abrams,1,
Please Please Please,5N3hjp1WNayUPZrA8kJmJP,sabrina carpenter,1,
Femininomenon,53IRnAWx13PYmoVYtemUBS,chappell roan,1,
Superstar,5u5MpBnvJejW9dHPrfWEXZ,jamelia,1,
California Gurls,6tS3XVuOyu10897O3ae7bi,"katy perry, snoop dogg",2,
Feather,2Zo1PcszsT9WQ0ANntJbID,sabrina carpenter,1,
Ugly Heart,1Vv0MPcooEoQzVZYfKMgKW,g.r.l.,1,
Taste,5G2f63n7IPVPPjfNIGih7Q,sabrina carpenter,1,
Really Don't Care,3xSp2wM7K4wrjZivuCRwox,"demi lovato, cher lloyd",2,
greedy,3rUGC1vUpkDG9CZFHMur1t,tate mcrae,1,
I Kissed A Girl,14iN3o8ptQ8cFVZTEmyQRV,katy perry,1,
Party In The U.S.A.,3E7dfMvvCLUddWissuqMwr,miley cyrus,1,
You Belong With Me (Taylor’s Version),1qrpoAMXodY6895hGKoUpA,taylor swift,1,
"yes, and?",7gaA3wERFkFkgivjwbSvkG,ariana grande,1,
Style (Taylor's Version),1hjRhYpWyqDpPahmSlUTlc,taylor swift,1,
Cool Girl,3tJ4y2Zqx6gM9xOAuFfsSF,tove lo,1,
Shower,3DmW6y7wTEYHJZlLo1r6XJ,becky g,1,
"thank u, next",3e9HZxeyfWwjeyPAMmWSSQ,ariana grande,1,
Pink Friday Girls,44L2bY93uD65CEHWbozpx4,nicki minaj,1,
Last Friday Night (T.G.I.F.),455AfCsOhhLPRc68sE01D8,katy perry,1,
Super Bass,3hlksXnvbKogFdPbpO9vel,nicki minaj,1,
Smile,4bia7OWZPoswlzXCqESYrR,avril lavigne,1,
all-american bitch,34sOdxWu9FljH84UXdRwu1,olivia rodrigo,1,
Tusa,7k4t7uLgtOxPwTpFmtJNTY,"karol g, nicki minaj",2,
Break Free,12KUFSHFgT0XCoiSlvdQi4,"ariana grande, zedd",2,
Gimme More,6ic8OlLUNEATToEFU3xmaH,britney spears,1,
Oops!...I Did It Again,6naxalmIoLFWR0siv8dnQQ,britney spears,1,
Radar,29Srmzqyig5Tg5EitFXsb8,britney spears,1,
Kings & Queens,7a53HqqArd4b9NF4XAmlbI,ava max,1,
Real Girl,3tN2RIJYSNoELqFlNFeP37,mutya buena,1,
Telephone,6nCDnzErqalOaIY3EJM8NK,"lady gaga, beyoncé",2,
I Wanna Go,5cCAZS9VhLGEDV4NCfieeg,britney spears,1,
Single Soon,6iF4RgIjDvDqyW13PezSj3,selena gomez,1,
Vicious,6Alp15t6urC4opjJiyOqZu,sabrina carpenter,1,
Material Girl,22sLuJYcvZOSoLLRYev1s5,madonna,1,
We Can't Stop,2y4lAQpi5VTNLu2ldeTdUH,miley cyrus,1,
Blow Me (One Last Kiss),4k80K0b6KZ2QjAYkXON7q6,p!nk,1,
Pon de Replay,4TsmezEQVSZNNPv5RJ65Ov,rihanna,1,
Wannabe,0n6FMFq5bE22tNTmd6L9U4,spice girls,1,
I Love It (feat. Charli XCX),1rhXXcrYp9RRObN5gsmqCU,"icona pop, charli xcx",2,
Domino,7kg7gCtbQF6zPk0dKpsWTY,jessie j,1,
Girlfriend,45hOioMDJktr86iKDHC8gr,avril lavigne,1,
Look At Her Now,7eOkHIcaoUhngxxypM5Ajr,selena gomez,1,
Kill Em With Kindness,7KxhSJOYiqCDclXDBNlFSZ,selena gomez,1,
Hands To Myself,3CJvmtWw2bJsudbAC5uCQk,selena gomez,1,
Sorry Not Sorry,0yvPEnB032fojLfVluFjUv,demi lovato,1,
Don't Start Now,6WrI0LAC5M1Rw2MnX2ZvEg,dua lipa,1,
Blow Your Mind (Mwah),7kJlTKjNZVT26iwiDUVhRm,dua lipa,1,
Sledgehammer,4rUTAkOU7OkVGeQuyQCHhF,fifth harmony,1,
Touch,1gG5MoWK5SmHUcQPa2jxdP,little mix,1,
Shout Out to My Ex,0ErK6K0kYr0Ow2RkPMhmMs,little mix,1,
Wings,3180WDzph4WrS4sLSNcGfa,little mix,1,
Dance The Night - From Barbie The Album,1vYXt7VSjH9JIM5oRRo7vA,dua lipa,1,
Girls Like (feat. Zara Larsson),0rHVd8h0cFwgLgPFem6S60,"tinie tempah, zara larsson",2,
No Excuses,7fCNUWi6uflDTQ08srxMZk,meghan trainor,1,
Motivation,0rIAC4PXANcKmitJfoqmVm,normani,1,
Sweet but Psycho,7DnAm9FOTWE3cUvso43HhI,ava max,1,
Lush Life,2kvgmr5CFhSvleQqTjB3eP,zara larsson,1,
Don't Call Me Up,5WHTFyqSii0lmT9R21abT8,mabel,1,
Mad Love,6ImEBuxsbuTowuHmg3Z2FO,mabel,1,
I Would Like,0k9gqa8mjVMeoFuGIsudtY,zara larsson,1,
Ain't My Fault,2K9OuOMhtNGtbbqQhALv8i,zara larsson,1,
we can't be friends (wait for your love),51ZQ1vr10ffzbwIjDCwqm4,ariana grande,1,
Ciao Adios,3EfugazgSddQvzZpkof5I4,anne-marie,1,
Pretty Girl - Cheat Codes X CADE Remix,39IsH7B5byx8NRlEKlZVg9,"maggie lindemann, cade, cheat codes",3,
Fight Song,37f4ITSlgPX81ad2EvmVQr,rachel platten,1,
no tears left to cry,2qT1uLXPVPzGgFOx4jtEuo,ariana grande,1,
Va Va Voom,2jATUzETZL49e6SywauZKE,nicki minaj,1,
Stupid Love,7yBbV2k2S2uhaQc24NF2xt,lady gaga,1,
All In My Head (Flex) (feat. Fetty Wap),62aXseVSNAFLRweK5nyb3F,"fifth harmony, fetty wap",2,
S&M Remix,44FAj28ivN0HJ0xVYwQ9nL,"rihanna, britney spears",2,
Work from Home (feat. Ty Dolla $ign),1JsUAmsjNz6oGuRTFG93qH,"fifth harmony, ty dolla $ign",2,
Woman Like Me (feat. Nicki Minaj),6rrTr2HEAzlpC4KWZxF3S1,"little mix, nicki minaj",2,
God is a woman,5OCJzvD7sykQEKHH7qAC3C,ariana grande,1,
positions,35mvY5S1H3J2QZyna3TFe0,ariana grande,1,
No Scrubs,1KGi9sZVMeszgZOWivFpxs,tlc,1,
Prisoner (feat. Dua Lipa),2Oycxb8QbPkpHTo8ZrmG0B,"miley cyrus, dua lipa",2,
Lose My Breath,2n4uOdMHzEvcZ0KP7iQnay,destiny's child,1,
Hit 'Em Up Style (Oops!),4zYTZvtcww7OWKie7fxA9E,blu cantrell,1,
What a Girl Wants,5bGmuxShUba9maPswDnhCs,christina aguilera,1,
"Bills, Bills, Bills",1Oi2zpmL81Q0yScF1zxaC0,destiny's child,1,
Genie In a Bottle,11mwFrKvLXCbcVGNxffGyP,christina aguilera,1,
Rich Girl,2Y2q7PkD7lvuWr8YaZfWuv,"gwen stefani, eve",2,
Glamorous,6vVfNqiMSku4FrqsqhurBK,"fergie, ludacris",2,
"Jumpin', Jumpin'",4pmc2AxSEq6g7hPVlJCPyP,destiny's child,1,
Round Round,5O2Ft5ENCfAh6JCgykJs76,sugababes,1,
Say My Name,7H6ev70Weq6DdpZyyTmUXk,destiny's child,1,
Express Yourself,6ioBgySxoeQKALvAeLEmId,madonna,1,
Say It Right,2aI21FnmY7TJVKeMaoQZ0t,nelly furtado,1,
My Girlfriends Are My Boyfriend (feat. Saweetie),3Ge1KFkRXKJgPz3keyQWaw,"demi lovato, saweetie",2,
Kiss Me More (feat. SZA),748mdHapucXQri7IAO8yFK,"doja cat, sza",2,
Built This Way ((Slow Remix)),4qdeY9W7NYLSHlF3nX43TW,samantha ronson,1,
All Night,19EW7iS3wXlKqgWIdttGXN,icona pop,1,
good 4 u,4ZtFanR9U6ndgddUvNcjcG,olivia rodrigo,1,
Feeling Myself,4vgTAdLit4VNnxZ7YK06NW,"nicki minaj, beyoncé",2,
Maneater,4wH4dJgrsxONID6KS2tDQM,nelly furtado,1,
Black Magic,6rmXhRIemCTPyMYZRDN7Qg,little mix,1,
Move,1bmtVglfmSQWfKjgPyERJ8,little mix,1,
Bubblegum Bitch,6IbnUaczZBT34DhaD6S18F,marina,1,
Primadonna,4sOX1nhpKwFWPvoMMExi3q,marina,1,
Torn,6SpVp6ttad3XJOsjKBZwaq,ava max,1,
Not Your Barbie Girl,4fkM7M4Uo5AUASnnsRC7EZ,ava max,1,
Break Up Song,5HArmECc1y0lCHKVKDKXa4,little mix,1,
Potential Breakup Song,11dxtPJKR4E0wlSr0A0t47,aly & aj,1,
The Sweet Escape,5BHtT1xpC44pGy1J7RKY4T,"gwen stefani, akon",2,
Woman,6Uj1ctrBOjOas8xZXGqKk4,doja cat,1,
motive (with Doja Cat),5GkQIP5mWPi4KZLLXeuFTT,"ariana grande, doja cat",2,
Million Dollar Bill,78Liq9m8u6xjuamJIeznTd,whitney houston,1,
Pretty Girls,6QicTxeiSaRkPnkGDUvYOs,"britney spears, iggy azalea",2,
Naughty Girl,0YGQ3hZcRLC5YX7o0hdmHg,beyoncé,1,
The Man,3RauEVgRgj1IuWdJ9fDs70,taylor swift,1,
just like magic,7Dx9Z6Aon1qPS2N0rHSWTe,ariana grande,1,
Mr. Saxobeat,4ycxTFeO4ZADJwJZaMGMYb,alexandra stan,1,
Baby,6epn3r7S14KUqlReYr77hA,"justin bieber, ludacris",2,
Toxic,6I9VzXrHxO9rA9A5euc8Ak,britney spears,1,
Who I Am,1o8kO8YyMWRAeb9bE2AIxO,anne-marie,1,
BREAK MY SOUL,2KukL7UlQ8TdvpaA7bY3ZJ,beyoncé,1,
Can't Do Better,7t9gDWqX10tbhtriPR1Cnd,kim petras,1,
We Are Never Ever Getting Back Together (Taylor's Version),5YqltLsjdqFtvqE7Nrysvs,taylor swift,1,
DESPECHÁ,5ildQOEKmJuWGl2vRkFdYc,rosalía,1,
Rain On Me (with Ariana Grande),24ySl2hOPGCDcxBxFIqWBu,"lady gaga, ariana grande",2,
Bejeweled,0jvo9CjnbR0lYUDTSNTMiu,taylor swift,1,
Kill Bill,3OHfY25tqY28d16oZczHc8,sza,1,
The Edge Of Glory,57F80059mWaWFvWG3tBTbO,lady gaga,1,
Flowers,7DSAEUvxU8FajXtRloy8M0,miley cyrus,1,
Million Dollar Baby,3wFM8TWbbkwPuB6TyqpVDv,ava max,1,
CUFF IT,1xzi1Jcr7mEi9K2RfzLOqS,beyoncé,1,
What Dreams Are Made Of,7J1S5n6Kn4wZEu6xrBT0gk,hilary duff,1,
Nonsense,6dgUya35uo964z7GZXM07g,sabrina carpenter,1,
I Wish You Would (Taylor's Version),43y1WpBdnEy5TR9aZoSQL9,taylor swift,1,
On My Mind,5a7NdkF09AfD0H607eiOkX,ellie goulding,1,
If We Ever Broke Up,6maTPqynTmrkWIralgGaoP,mae stephens,1,
Barbie World (with Aqua) [From Barbie The Album],741UUVE2kuITl0c6zuqqbO,"nicki minaj, ice spice, aqua",3,
Angel (From Barbie The Album),0CpfO9VNiW0OGIaZO6zO3n,pinkpantheress,1,
What It Is (Solo Version),73RbfOTJIjHzi2pcVHjeHM,doechii,1,
Raining Men,1gCWLA71vXQmINwo6WxH4t,"rihanna, nicki minaj",2,
"Girl, so confusing featuring lorde",2YFhqZvhTpyK13gKXMKV7R,"charli xcx, lorde",2,
Speed Drive (From Barbie The Album),5VxmI3IdgAxWVvUnJoLuY2,charli xcx,1,
Barbie Dreams (feat. Kaliii) [From Barbie The Album],7njDhlprmHJ1I9pM0rxMON,"fifty fifty, kaliii",2,
2 die 4 (feat. Charli XCX),7lvfYYQXH6fxP7JAiY1tjz,"addison rae, charli xcx",2,
Shake It Off (Taylor's Version),3pv7Q5v2dpdefwdWIvE7yH,taylor swift,1,
Training Season,6Qb7YsAqH4wWFUMbGsCpap,dua lipa,1,
get him back!,2gyxAWHebV7xPYVxqoi86f,olivia rodrigo,1,
Just A Girl,5lWRaa0fBxDE5yU91npPq7,no doubt,1,
Made In The USA,4A4jWRGo7pRJ8hPLC9xVoG,demi lovato,1,
Love On Top,1z6WtY7X4HQJvzxC4UgkSf,beyoncé,1,
Give Your Heart a Break,3sP3c86WFjOzHHnbhhZcLA,demi lovato,1,
Circus,7jk7gqyEonmVVYahZN5zhW,britney spears,1,
Into You,76FZM38RC8XaAjJ77CVTNe,ariana grande,1,
successful,5YeHLHDdQ4nKHk81XFWhCU,ariana grande,1,
the light is coming (feat. Nicki Minaj),0sdbFOyfgAhAhWq8DpzkaW,"ariana grande, nicki minaj",2,
Only Girl (In The World),2ENexcMEMsYk0rVJigVD3i,rihanna,1,
Show Me Love - Radio Version,6SluaPiV04KOaRTOIScoff,robyn,1,
Unwritten,3U5JVgI2x4rDyHGObzJfNf,natasha bedingfield,1,
Can't Fight The Moonlight,10FP9hm2aFfAIKEopqaG9D,leann rimes,1,
I Think I'm in Love with You,4jIgNRzwUAQCctDDM3Kxd4,jessica simpson,1,
Ready or Not,5xvUgoVED1F4mBu8FL0HaW,bridgit mendler,1,
TiK ToK,0HPD5WQqrq7wPWR7P7Dw1i,kesha,1,
Bad Romance,0SiywuOBRcynK0uKGWdCnn,lady gaga,1,
Good Girl,7spFEoLxDv20MEg9paKaQ5,alexis jordan,1,
Rock N Roll,471JGLzHPrgM4lS9mNOEIt,avril lavigne,1,
Love You Like A Love Song,7lAoovVf67mECK18oOpJbc,selena gomez & the scene,1,
Fight For This Love,33IQnmtJYjCcrvUUMQgi80,cheryl,1,
Hard out Here,3U3BXlwNTkCx7lW9m1H9RY,lily allen,1,
Love Song,4E6cwWJWZw2zWf7VFbH7wf,sara bareilles,1,
Want U Back,5InWRmnfgjVwQWoXHNBATu,cher lloyd,1,
Pocketful of Sunshine,1uigwk5hNV84zRd5YQQRTk,natasha bedingfield,1,
Love Like This (feat. Sean Kingston),2FDXMNnzPstPQgZ1BM4vX0,"natasha bedingfield, sean kingston",2,
The Tide Is High - Radio Mix,5WuVWOngcRkMOx9RRLCvui,atomic kitten,1,
Fly,2E1RGgFtr1X4H6glXOtABo,"nicki minaj, rihanna",2,
Popular Song,6AviHKu3ydzAePBmzEi62v,"mika, ariana grande",2,
I Know Where It's At,0ugHbbuxII19JNMCdMUDOe,all saints,1,
A Thousand Miles,4pextOBn0xoPnKf7qrDjWg,vanessa carlton,1,
Leave (Get Out),3QigOeWryUCP56I1IlTB9x,jojo,1,
National Anthem,5JyDveG5JnK2PqEXtETUp1,lana del rey,1,
Never Really Over,5PYQUBXc7NYeI1obMKSJK0,katy perry,1,
Alejandro,0iOu4s8w3pE9vbpb1SHXsL,lady gaga,1,
Firework,4lCv7b86sLynZbXhfScfm2,katy perry,1,
Blank Space (Taylor's Version),45wMBGri1PORPjM9PwFfrS,taylor swift,1,
New Romantics (Taylor's Version),2vPMoMDXxu9uX1igWZmXSG,taylor swift,1,
We R Who We R,3LUWWox8YYykohBbHUrrxd,kesha,1,
Houdini,6D8y7Bck8h11byRY88Pt2z,dua lipa,1,
How Ya Doin'?,2rJWY0oG1vA0QDk1ajHz6d,little mix,1,
Round & Round,1LOuZmemeDN1SkJc9EemFI,selena gomez & the scene,1,
Hit The Lights,6ciLLh4TkPYDUfNxn2Z0KO,selena gomez & the scene,1,
Roar,27tNWlhdAryQY04Gb2ZhUI,katy perry,1,
Anticipating,6dKYAtGciLRm8uOD1LiSVf,britney spears,1,
exes,4E63weMCaNZuGPEFMnuEi8,tate mcrae,1,
SOS,30cSNer6TV8x2utjULVeQ5,rihanna,1,
Bad Romance,0SiywuOBRcynK0uKGWdCnn,lady gaga,1,
Starships,2EBCVPNAG46nbgs6jXPGvv,nicki minaj,1,
Since U Been Gone,6JY1IdkZGeIcPegKxjSKeb,kelly clarkson,1,
Beauty And A Beat,6QFCMUUq1T2Vf5sFUXcuQ7,"justin bieber, nicki minaj",2,
Don't Cha,4o3cq2szX7THGyZDsWtp59,"the pussycat dolls, busta rhymes",2,
Price Tag,2fTsFCKRFQ5M0igJgabnLA,"jessie j, b.o.b",2,
Barbie Girl,5ZrDlcxIDZyjOzHdYW1ydr,aqua,1,
Do It Well (feat. Ludacris),2jQrtYfuGN1WbKi9d1BwGn,"jennifer lopez, ludacris",2,
C'Mon,4bO6IzKXMWhmncfIO9GBq2,kesha,1,
Just Dance,1dzQoRqT5ucxXVaAhTcT0J,"lady gaga, colby o'donis",2,
LoveGame,0eH2eHURaXUP15D8gQlfjx,lady gaga,1,
Never Say Never,5GYbkDveRD2I8M5ZJ14hWn,"justin bieber, jaden",2,
Neon Lights,1WINLcGPEw9jDs2z0zLKIU,demi lovato,1,
Beautiful Liar,2HWWNoWEEEECwZhAiLg7ib,"beyoncé, shakira",2,
Don't Hold Your Breath,7pAq1IXYZpL42HchCminu6,nicole scherzinger,1,
Dark Horse,4jbmgIyjGoXjY01XxatOx6,"katy perry, juicy j",2,
La La Land,0M9VqYG0wVun054JIdwFO8,demi lovato,1,
Fabulous,6wgQdBucsTofex57f3Rxnz,"sharpay evans, ryan, disney",3,
Fancy,3W3KtDwAIg3mAruSpnfG3Q,"iggy azalea, charli xcx",2,
Waking Up In Vegas,0CINJz55gaKzuAsqhZ0hEU,katy perry,1,
Tell Me Something I Don't Know,0AbLBnxjPyqmBMW2slYukj,selena gomez & the scene,1,
I'm a Slave 4 U,6ldwfK0yWgTAlmIfuQkTYN,britney spears,1,
Gypsy,2EP2fYLLC32XI5PaDKhylj,shakira,1,
Rock Star - From “Hannah Montana 2”,6KN9atd3DRhmSRWeCSKkkL,hannah montana,1,
I'm Out (feat. Nicki Minaj),3c7MNgwEBQTnrOWLjU1DHq,"ciara, nicki minaj",2,
Applause,5ka2ajep9OAvU5Sgduhiex,lady gaga,1,
Still into You,1yjY7rpaAQvKwpdUliHx0d,paramore,1,
"break up with your girlfriend, i'm bored",4kV4N9D1iKVxx1KLvtTpjS,ariana grande,1,
Bad Girls,6nzXkCBOhb2mxctNihOqbb,m.i.a.,1,
Habits (Stay High),18AJRdgUoO9EYn11N7xzaT,tove lo,1,
Something About the Sunshine,0Jcnr8HUGQdaOiSkqpdEKX,"anna margaret, christopher wilde",2,
Automatic,4HWOkaS6pRmNODWmS7EGvs,nicki minaj,1,
hurt my feelings,4mFcwFOlSCxp6hjemRXwpd,tate mcrae,1,
Irreplaceable,6RX5iL93VZ5fKmyvNXvF1r,beyoncé,1,
Kiss You,4My8w8AA1JpG6E5SiAPvJL,one direction,1,
Talking Body,7cgu4JBW3hq1GwTM1ilkKQ,tove lo,1,
Swish Swish,3OtMnyUaiipcAT23A8liyi,"katy perry, nicki minaj",2,
Pretty Girl - Cheat Codes X CADE Remix,1NDxZ7cFAo481dtYWdrUnR,"maggie lindemann, cheat codes, cade",3,
When I Grow Up,21pySLskKIKrhDziCX5ojQ,the pussycat dolls,1,
I Wanna Dance with Somebody (Who Loves Me),2tUBqZG2AbRi7Q0BIrVrEj,whitney houston,1,
Not My Fault (with Megan Thee Stallion),18dlAFKaajLjRgBNZZ4ThU,"reneé rapp, megan thee stallion",2,
Crazy In Love (feat. Jay-Z),5IVuqXILoxVWvWEPm82Jxr,"beyoncé, jay-z",2,
What the Hell,2z4U9d5OAA4YLNXoCgioxo,avril lavigne,1,
Judas,7F25roCtYi55JouckaayPC,lady gaga,1,
HOT TO GO!,4xdBrk0nFZaP54vvZj0yx7,chappell roan,1,
Who Says,6dn9ndETOjczUSQO5UhKJa,selena gomez & the scene,1,
Bitch I'm Madonna,2bZMOs3RjmhhGca6MEzjyl,"madonna, nicki minaj",2,
...Baby One More Time,3MjUtNVVq3C8Fn0MP3zhXa,britney spears,1,
(You Drive Me) Crazy,1DSJNBNhGZCigg9ll5VeZv,britney spears,1,
Maybe You’re The Problem,6WDG2ybdV3SBXV0lwBGu4D,ava max,1,
Cruel Summer,1BxfuPKGuaTgP7aM0Bbdwr,taylor swift,1,
Water,5aIVCx5tnk0ntmdiinnYvw,tyla,1,
Paint The Town Red,2IGMVunIBsBLtEQyoI1Mu7,doja cat,1,
Wide Awake,5JLv62qFIS1DR3zGEcApRt,katy perry,1,
Your Song,4c2W3VKsOFoIg2SFaO6DY5,rita ora,1,
I Will Never Let You Down,03rhu2vIylSFLUagt7wi5D,rita ora,1,
How We Do (Party),5zBDg6Pp5LFyhaSCqm3p5d,rita ora,1,
Let You Love Me,6xtcFXSo8H9BZN637BMVKS,rita ora,1,
TEXAS HOLD 'EM,7AYmToZ5y67fBjq4RLFbuq,beyoncé,1,
Don't Be so Hard on Yourself,1KtVVUM6OkpyOsbVfbMybX,jess glynne,1,
Same Old Love,6ZANrVuAMp2rpjhfbOuJly,selena gomez,1,
We Found Love,0U10zFw4GlBacOy9VDGfGL,"rihanna, calvin harris",2,
This Is What You Came For,0azC730Exh71aQlOt9Zj3y,"calvin harris, rihanna",2,
Breakin' Dishes,3XeHVrTKlricOyk5VsVKxd,rihanna,1,
Shut Up And Drive,7AQjiRtIpr33P8UT98iveh,rihanna,1,
Disturbia,30VrBsh1STRBoIrhQOAwzK,rihanna,1,
What's My Name?,5FTCKvxzqy72ceS4Ujux4N,"rihanna, drake",2,
California King Bed,0uIGzK6ukV0A5yWoCxPkRL,rihanna,1,
If It's Lovin' That You Want,1Q29dre9FCspRSarHziizl,rihanna,1,
You Da One,3Yt9lRtS5V4nbJnwcgFgvC,rihanna,1,
Where Have You Been,3tyPOhuVnt5zd5kGfxbCyL,rihanna,1,
Watch n' Learn,1ROCX1nquOZ5i05YfGysu0,rihanna,1,
Talk That Talk,57mKcbEq7nMqtJ4gqJvWcp,"rihanna, jay-z",2,
Drunk On Love,5slPHHHP6vsqtY4r977QLR,rihanna,1,
Pour It Up,5r67bGhYXZNqk2m2Wupfmu,rihanna,1,
Right Now,42Ow7PS3YtCWplolUUigDo,"rihanna, david guetta",2,
Pink Pony Club,1k2pQc5i348DCHwbn5KTdc,chappell roan,1,
Si Antes Te Hubiera Conocido,6WatFBLVB0x077xWeoVc2k,karol g,1,
You'll Always Find Your Way Back Home,12wSL3tGk3MtbDEhfG7xy3,hannah montana,1,
