Track Name,Track ID,Artists,Artist Count
into you,76FZM38RC8XaAjJ77CVTNe,ariana grande,1
glad you came,5yDL13y5giogKs2fSNf7sj,the wanted,1
dark horse,5jrdCoLpJSvHHorevXBATy,katy perry,2
dark horse,5jrdCoLpJSvHHorevXBATy,juicy j,2
who knew  edit,2hns6Dv29Yrg68AVTJiAyA,p!nk,1
closer,7BKLCZ1jbUBVqRi2FVlTVw,the chainsmokers,2
closer,7BKLCZ1jbUBVqRi2FVlTVw,halsey,2
greedy,3rUGC1vUpkDG9CZFHMur1t,tate mcrae,1
viva la vida,4zOfy9kqJlG0ZXvcaSh4gv,coldplay,1
my house,3jomjC6H7YQBRr2CHPtc4y,flo rida,1
peaches feat daniel caesar  giveon,4iJyoBOLtHqaGxP12qzhQI,justin bieber,3
peaches feat daniel caesar  giveon,4iJyoBOLtHqaGxP12qzhQI,daniel caesar,3
peaches feat daniel caesar  giveon,4iJyoBOLtHqaGxP12qzhQI,giveon,3
as it was,4Dvkj6JhhA12EX05fT7y2e,harry styles,1
wildest dreams taylors version,1K39ty6o1sHwwlZwO6a7wK,taylor swift,1
born this way,30XU4suKzCeoCK9YFzdufg,lady gaga,1
love song,4E6cwWJWZw2zWf7VFbH7wf,sara bareilles,1
i kissed a girl,14iN3o8ptQ8cFVZTEmyQRV,katy perry,1
we dont talk anymore feat selena gomez,54PbBpquVfhfrwRwvjSXbI,charlie puth,2
we dont talk anymore feat selena gomez,54PbBpquVfhfrwRwvjSXbI,selena gomez,2
flowers,7DSAEUvxU8FajXtRloy8M0,miley cyrus,1
yes and,7gaA3wERFkFkgivjwbSvkG,ariana grande,1
die young,7EQGXaVSyEDsCWKmUcfpLk,kesha,1
espresso,1QUyotJH8XoTEan8aZdsiV,sabrina carpenter,1
ride,2Z8WuEywRWYTKe1NybPQEW,twenty one pilots,1
i like you a happier song with doja cat,0O6u0VJ46W86TxN9wgyqDj,post malone,2
i like you a happier song with doja cat,0O6u0VJ46W86TxN9wgyqDj,doja cat,2
this is why,7HdXRMw14roDx2a0COWk3M,paramore,1
side to side,44ONERBHALxftQNWq6dmyd,ariana grande,2
side to side,44ONERBHALxftQNWq6dmyd,nicki minaj,2
im good blue,4uUG5RXrOk84mYEfFvj3cK,david guetta,2
im good blue,4uUG5RXrOk84mYEfFvj3cK,bebe rexha,2
a bar song tipsy,2FQrifJ1N335Ljm3TjTVVf,shaboozey,1
houdini,6D8y7Bck8h11byRY88Pt2z,dua lipa,1
sunroof,5YqEzk3C5c3UZ1D5fJUlXA,nicky youre,2
sunroof,5YqEzk3C5c3UZ1D5fJUlXA,dazy,2
kill bill,1Qrg8KqiBpW07V7PNxwwwL,sza,1
apt,5vNRhkKd0yEAg8suGBpjeY,rosé,2
apt,5vNRhkKd0yEAg8suGBpjeY,bruno mars,2
heart attack,4v0hWD4N6qefyFrmSGLjTV,demi lovato,1
love you like a love song,0laYHRpNTS6i8FXdupHkJ4,selena gomez & the scene,1
wake me up,0nrRP2bk19rLc0orkWPQk2,avicii,1
you drive me crazy,1DSJNBNhGZCigg9ll5VeZv,britney spears,1
tek talk,7rdgJ804UQr8ObJGWHLsbP,1st klase,2
tek talk,7rdgJ804UQr8ObJGWHLsbP,rvssian,2
lose control,17phhZDn6oGtzMe56NuWvj,teddy swims,1
party in the usa,3E7dfMvvCLUddWissuqMwr,miley cyrus,1
toxic,6I9VzXrHxO9rA9A5euc8Ak,britney spears,1
fix you,7LVHVU3tWfcxj5aiPFEW4Q,coldplay,1
escapism,5mHdCZtVyb4DcJw8799hZp,raye,2
escapism,5mHdCZtVyb4DcJw8799hZp,070 shake,2
hey brother,4lhqb6JvbHId48OUJGwymk,avicii,1
addicted to u,3QoGJaMzA9hYHXXACCW3Jb,chris webby,1
believe,3OgZdIAHaDMOtYq8Z5iCQ5,mumford & sons,1
still into you,1yjY7rpaAQvKwpdUliHx0d,paramore,1
die with a smile,2plbrEY59IikOBgBGLjaoe,lady gaga,2
die with a smile,2plbrEY59IikOBgBGLjaoe,bruno mars,2
where is the love,0xmjwnQ3FNE6HuWCt2nHdZ,black eyed peas,1
i believe,1vYh9x8UmFTLbXiizk9Qc5,jonas brothers,1
fetch,0XKoxOQcY2kO43KdCGcTJk,justina valentine,1
cupid  twin ver,4gXHG9domIKO6FIViDISA4,fifty fifty,1
dont cha,4o3cq2szX7THGyZDsWtp59,the pussycat dolls,2
dont cha,4o3cq2szX7THGyZDsWtp59,busta rhymes,2
hard times,0w5Bdu51Ka25Pf3hojsKHh,paramore,1
get lucky feat pharrell williams and nile rodgers,69kOkLUCkxIZYexIgSG8rq,daft punk,3
get lucky feat pharrell williams and nile rodgers,69kOkLUCkxIZYexIgSG8rq,pharrell williams,3
get lucky feat pharrell williams and nile rodgers,69kOkLUCkxIZYexIgSG8rq,nile rodgers,3
people,26b3oVLrRUaaybJulow9kz,libianca,1
careful,6h5IL0pHkYw2SXD7OYSDxj,george cooksey,2
careful,6h5IL0pHkYw2SXD7OYSDxj,mblue,2
last friday night tgif,3KoTtGEDiBwUWzdRQVh9lh,katy perry,1
brave,6Uy6K3KdmUdAfelUp0SeXn,sara bareilles,1
tik tok,0HPD5WQqrq7wPWR7P7Dw1i,kesha,1
moonlight,2i2gDpKKWjvnRTOZRhaPh2,kali uchis,1
call me maybe,20I6sIOMTCkB6w7ryavxtO,carly rae jepsen,1
on yo head,2di5TT0I0zFJdqhQpBtgPb,4ourty8,1
running out of time,5NRtdsFFlmyE8qDMgS08PE,paramore,1
see you again feat charlie puth,2JzZzZUQj3Qff7wapcbKjc,wiz khalifa,2
see you again feat charlie puth,2JzZzZUQj3Qff7wapcbKjc,charlie puth,2
happy,60nZcImufyMA1MKQY3dcCH,pharrell williams,1
womanizer,4fixebDZAVToLbUCuEloa2,britney spears,1
sign of the times,5Ohxk2dO5COHF1krpoPigN,harry styles,1
bet dat,5JCogXAhg0phRFvRcQMHyr,flight,1
sm,0C4ejWmOTMv8vuYj85mf8m,rihanna,1
sugar,2iuZJX9X9P0GKaE93xcPjk,maroon 5,1
rosecolored boy,2RJfK2pOvGpnxC255YOy5k,paramore,1
this love taylors version,5QVVjX0ZItqlVpEuVCM9Yg,taylor swift,1
moose head,2ZrnFac5tpQa12XNRfU3j3,chris webby,1
set fire to the rain,3di5hcvxxciiqwMH1jarhY,adele,1
pump it,2ygMBIctKIAfbEBcT9065L,black eyed peas,1
bad liar,2RSHsoi04658QL5xgQVov3,imagine dragons,1
single ladies put a ring on it,5mMjkxGijQB4JZallYrkOW,beyoncé,1
camera shy,1gFGXOA36IBAMUTK6GcjRZ,ghais guevara,1
baby one more time,3MjUtNVVq3C8Fn0MP3zhXa,britney spears,1
apple,19RybK6XDbAVpcdxSbZL1o,charli xcx,1
run it,7xYnUQigPoIDAMPVK79NEq,chris brown,2
run it,7xYnUQigPoIDAMPVK79NEq,juelz santana,2
royals,2dLLR6qlu5UJ5gk0dKz0h3,lorde,1
link,1VQivuDScakUWIZN5dECPG,rvdent,2
link,1VQivuDScakUWIZN5dECPG,ku$h drifter,2
party rock anthem,1ve0SgTZkv3wdggJLqtBYU,lmfao,3
party rock anthem,1ve0SgTZkv3wdggJLqtBYU,lauren bennett,3
party rock anthem,1ve0SgTZkv3wdggJLqtBYU,goonrock,3
birds of a feather,6dOtVTDdiauQNBQEDOtlAB,billie eilish,1
dancing in the moonlight,1FHNctV68GUNLgXclG2DtR,toploader,1
bad day,0mUyMawtxj1CJ76kn9gIZK,daniel powter,1
go clear,3emQQCKlkvfoD68yXJgmiB,jaidyn hurst,1
we found love,0U10zFw4GlBacOy9VDGfGL,rihanna,2
we found love,0U10zFw4GlBacOy9VDGfGL,calvin harris,2
firework,0kUMtZVaYb7EETkBdrEXXA,katy perry,1
thats so true,7ne4VBA60CxGM75vw0EYad,gracie abrams,1
heat waves,3USxtqRwSYz57Ewm6wWRMp,glass animals,1
broken boi boi,4QPSbhqdI31jlL1hHI1imw,flight,1
since u been gone,3xrn9i8zhNZsTtcoWgQEAd,kelly clarkson,1
we cant stop,2y4lAQpi5VTNLu2ldeTdUH,miley cyrus,1
gangnam style 강남스타일,03UrZgTINDqvnUMbbIMhql,psy,1
beautiful,3TCauNPqFiniaYHBvEVoHG,christina aguilera,1
pulluh,3a7D2kFenQmIrLDZv91LUZ,voodoobaby,1
paparazzi,02XnQdf7sipaKBBHixz3Zp,lady gaga,1
snow hey oh,2aibwv5hGXSgw7Yru8IYTO,red hot chili peppers,1
rude,18n3RlT0UNcy2yHImHy8IT,magic!,1
deep in love,6QKajuIu0mBuiUZGII9BKn,dfl checo,1
radioactive,62yJjFtgkhUrXktIoSjgP2,imagine dragons,1
all about that bass,5jE48hhRu8E6zBDPRSkEq7,meghan trainor,1
daylight,1odExI7RdWc4BT515LTAwj,david kushner,1
americas most wanted,3xznQWxVj9bRAYAO5M4FT5,gabi sklar,1
feel it still,6QgjcU0zLnzq5OrUoSZ3OK,portugal. the man,1
one dance,1zi7xx7UVEFkmKfv06H8x0,drake,3
one dance,1zi7xx7UVEFkmKfv06H8x0,wizkid,3
one dance,1zi7xx7UVEFkmKfv06H8x0,kyla,3
teenage dream,6b4IqYnduSQl3fE5YIbYVs,katy perry,1
im really here,0x31rx6nhNEPRgJajx5dbO,4ourty8,1
whistle,3bC1ahPIYt1btJzSSEyyrF,flo rida,1
cant stop the feeling from dreamworks animations trolls,6JV2JOEocMgcZxYSZelKcc,justin timberlake,1
treat you better,3QGsuHI8jO1Rx4JWLUh9jd,shawn mendes,1
slizzy flow,4bb24qJy1jwBwvHCe6bOyA,lougotcash,3
slizzy flow,4bb24qJy1jwBwvHCe6bOyA,cash cobain,3
slizzy flow,4bb24qJy1jwBwvHCe6bOyA,bay swag,3
crazy in love feat jayz,5IVuqXILoxVWvWEPm82Jxr,beyoncé,2
crazy in love feat jayz,5IVuqXILoxVWvWEPm82Jxr,jay-z,2
the one that got away,2k3MdyqMHmfZubFg3pmtby,katy perry,1
love yourself,50kpGaPAhYJ3sGmk6vplg0,justin bieber,1
if you get lost,2eYOZJhl6KwYIr3RU3PJjm,winwel,2
if you get lost,2eYOZJhl6KwYIr3RU3PJjm,cozmoe,2
big girls dont cry personal,0lupJBVy4UQrvI4Oy3PvI7,fergie,1
roar,6F5c58TMEs1byxUstkzVeM,katy perry,1
selfish,0QosomGFiJYOxj2ViZfqng,justin timberlake,1
all i see is you,6uAEuFWeNJNjRFEC2ECduz,milky sad,1
cruel summer,1BxfuPKGuaTgP7aM0Bbdwr,taylor swift,1
uptown funk feat bruno mars,32OlwWuMpZ6b0aN2RZOeMS,mark ronson,2
uptown funk feat bruno mars,32OlwWuMpZ6b0aN2RZOeMS,bruno mars,2
somebody that i used to know,1qDrWA6lyx8cLECdZE7TV7,gotye,2
somebody that i used to know,1qDrWA6lyx8cLECdZE7TV7,kimbra,2
breathe,6xyKeaC0Y3lbsYe3WF1gOa,josh x,1
blank space,1u8c2t2Cy7UBoG4ArRcF5g,taylor swift,1
hollaback girl,0LzrhCZFXW94Y8nwtTuRlw,gwen stefani,1
girl on fire,4esOae7i4rqTbAu9o5Pxco,alicia keys,1
one down,0Ao0VNfKEv8o4raTRFAzmJ,davo,1
somewhere only we know,1SKPmfSYaPsETbRHaiA18G,keane,1
i had some help feat morgan wallen,7221xIgOnuakPdLqT0F3nP,post malone,2
i had some help feat morgan wallen,7221xIgOnuakPdLqT0F3nP,morgan wallen,2
timber,3tgZ9vmhuAY9wEoNUJskzV,pitbull,2
timber,3tgZ9vmhuAY9wEoNUJskzV,kesha,2
hello midnight,3RGtJLfjmGSIR2ZAR9nbTJ,gabi sklar,1
die for you  remix,7oDd86yk8itslrA9HRP2ki,the weeknd,2
die for you  remix,7oDd86yk8itslrA9HRP2ki,ariana grande,2
summer,6YUTL4dYpB9xZO5qExPf05,calvin harris,1
california gurls,5uOUxoxEMZQo0cFT9YWFdi,katy perry,2
california gurls,5uOUxoxEMZQo0cFT9YWFdi,snoop dogg,2
eve,77fFEJnLlmhElEELieMNtH,yellacatt,1
galway girl,0afhq8XCExXpqazXczTSve,ed sheeran,1
sk8er boi,00Mb3DuaIH1kjrwOku9CGU,avril lavigne,1
we cant be friends wait for your love,51ZQ1vr10ffzbwIjDCwqm4,ariana grande,1
cold heart  pnau remix,6zSpb8dQRaw0M1dK8PBwQz,elton john,3
cold heart  pnau remix,6zSpb8dQRaw0M1dK8PBwQz,dua lipa,3
cold heart  pnau remix,6zSpb8dQRaw0M1dK8PBwQz,pnau,3
halloween freestyle challenge,4Wq49RVjGMctR2K6avnIi2,mike g,1
treasure,55h7vJchibLdUkxdlX3fK7,bruno mars,1
diamonds,7i0jaBLpIADxqNbhAb4XFb,rihanna,1
cant feel my face,22VdIZQfgXJea34mQxlt81,the weeknd,1
dont ask me,1qqaJCS3LtdQnCHt0noTmP,young buck,2
dont ask me,1qqaJCS3LtdQnCHt0noTmP,dj paul,2
raise your glass,1gv4xPanImH17bKZ9rOveR,p!nk,1
someone you loved,2TIlqbIneP0ZY1O0EzYLlc,lewis capaldi,1
heathens,6i0V12jOa3mr6uu4WYhUBr,twenty one pilots,1
letter to the ville,16sKg4HXuwnu9kT7KMdNRO,pfg,1
something just like this,6RUKPb4LETWmmr3iAEQktW,the chainsmokers,2
something just like this,6RUKPb4LETWmmr3iAEQktW,coldplay,2
attention,11xC6P3iKYpFThT6Ce1KdG,doja cat,1
misery business,3l9CW99AHtExIRV4hW2N5m,paramore,1
neon hong kong,4uRxSAu5i1o0v65aBGMQz6,riff raff,3
neon hong kong,4uRxSAu5i1o0v65aBGMQz6,ku$h drifter,3
neon hong kong,4uRxSAu5i1o0v65aBGMQz6,yng bnzo,3
new rules,4LihUZcWy0B6lGLqcJ8u9B,dua lipa,1
just the way you are,47Slg6LuqLaX0VodpSCvPt,bruno mars,1
obsessed,6tNgRQ0K2NYZ0Rb9l9DzL8,olivia rodrigo,1
please please please,1KE8CYkUEbVbCdEyO1nIfU,sabrina carpenter,1
abracadabra,2jlrTEi9bJfNgDhAmbYDiE,yellacatt,1
survivor,5sN8MGWR2pu2Rn3oAOPYXt,destiny's child,1
youre beautiful,0vg4WnUWvze6pBOJDTq99k,james blunt,1
sos,30cSNer6TV8x2utjULVeQ5,rihanna,1
19,4dcIFhtq7Lr6cukZKHpdzX,sunny daze,2
19,4dcIFhtq7Lr6cukZKHpdzX,taylor hill,2
domino,2fQxE0jVrjNMT9oJAXtSJR,jessie j,1
umbrella,5i66xrvSh1MjjyDd6zcwgj,rihanna,2
umbrella,5i66xrvSh1MjjyDd6zcwgj,jay-z,2
cool for the summer,2zFF6jG5hQArbzcXz3KUWk,demi lovato,1
we made it,2i8jxd3ShcCGazjmZ527Zh,yung xavi,2
we made it,2i8jxd3ShcCGazjmZ527Zh,juno!,2
golden hour,5odlY52u43F5BjByhxg7wg,jvke,1
baby,6epn3r7S14KUqlReYr77hA,justin bieber,2
baby,6epn3r7S14KUqlReYr77hA,ludacris,2
strawberry soda,27RAfEoM7qX8vjNdctZXD4,justina valentine,1
everytime we touch  radio edit,5YJtMNWKe55yr49cyJgxva,cascada,1
love the way you lie,15JINEqzVMv3SvJTAXAKED,eminem,2
love the way you lie,15JINEqzVMv3SvJTAXAKED,rihanna,2
san diego,75A8hKaLCXb8ISPg7DBcOJ,reyn hartley,1
she will be loved,4llK75pXNWZz6KAho2Gp16,maroon 5,1
sexy and i know it,2EZ2KXLqs9zdRVVMMz1IsH,lmfao,1
summersalt thru the sunroof  chopped not slopped,4DarFONlUNB9Y9Zz4DV7kZ,riff raff,1
hey ya,3AszgPDZd9q0DpDFt4HFBy,outkast,1
till the world ends,38iU2jg98IZZEIJPrP7aWD,britney spears,1
pompeii,4Ub8UsjWuewQrPhuepfVpd,bastille,1
hot girl summer,1Gf26Mfp45ofO8A8dwCS1P,milky sad,1
cold water feat justin bieber  mø,6Bjtr3tPdto5nyuLYf61sN,major lazer,3
cold water feat justin bieber  mø,6Bjtr3tPdto5nyuLYf61sN,justin bieber,3
cold water feat justin bieber  mø,6Bjtr3tPdto5nyuLYf61sN,mø,3
drag me down,2K87XMYnUMqLcX3zvtAF4G,one direction,1
tip toe in rick owens  chopped not slopped,7L4hymrOCGc0YKHA0n8dGs,riff raff,3
tip toe in rick owens  chopped not slopped,7L4hymrOCGc0YKHA0n8dGs,sada baby,3
tip toe in rick owens  chopped not slopped,7L4hymrOCGc0YKHA0n8dGs,sauce walka,3
grenade,4lLtanYk6tkMvooU0tWzG8,bruno mars,1
good luck babe,0WbMK4wrZ1wFSty9F7FCgu,chappell roan,1
stronger what doesnt kill you,1nInOsHbtotAmEOQhtvnzP,kelly clarkson,1
splashy,1Q6zV75Yo6ckqE9qAikP0T,justina valentine,1
dont let me down,1i1fxkWeaMmKEB4T7zqbzK,the chainsmokers,2
dont let me down,1i1fxkWeaMmKEB4T7zqbzK,daya,2
i love you im sorry,51rfRCiUSvxXlCSCfIztBy,gracie abrams,1
bye bye bye  from deadpool and wolverine soundtrack,62bOmKYxYg7dhrC6gH9vFn,*nsync,1
reminiscing,5OznfL8VRFx0fpfyLH19yy,eiza murphy,1
the lazy song,386RUes7n1uM1yfzgeUuwp,bruno mars,1
you  i,5ubTvvH1TzZ8UrcYqJgc3Q,touching faces,2
you  i,5ubTvvH1TzZ8UrcYqJgc3Q,dean andrew,2
is it over now taylors version from the vault,1Iq8oo9XkmmvCQiGOfORiz,taylor swift,1
i aint worried,4h9wh7iOZ0GGn8QVp4RAOB,onerepublic,1
igual que un ángel with peso pluma,6XaJfhwof7qIgbbXO5tIQI,kali uchis,2
igual que un ángel with peso pluma,6XaJfhwof7qIgbbXO5tIQI,peso pluma,2
elastic heart,6kwAbEjseqBob48jCus7Sz,sia,1
pillowtalk,0PDUDa38GO8lMxLCRc4lL1,zayn,1
radio,3taCbWWTilb7eNMsAzOBq4,lana del rey,1
the greatest feat kendrick lamar,7xHWNBFm6ObGEQPaUxHuKO,sia,2
the greatest feat kendrick lamar,7xHWNBFm6ObGEQPaUxHuKO,kendrick lamar,2
stressed out,3CRDbSIZ4r5MsZ0YwxuEkn,twenty one pilots,1
take me to church,3dYD57lRAUcMHufyqn9GcI,hozier,1
i knew you were trouble,6FB3v4YcR57y4tXFcdxI1E,taylor swift,1
live while were young,6Vh03bkEfXqekWp7Y1UBRb,one direction,1
too much,0rKWJnmo6Q0ovoPOLoLm0t,the kid laroi,3
too much,0rKWJnmo6Q0ovoPOLoLm0t,jung kook,3
too much,0rKWJnmo6Q0ovoPOLoLm0t,central cee,3
applause,5ka2ajep9OAvU5Sgduhiex,lady gaga,1
the only exception,3ZHfX6kbiY7JVsB63lLOLu,paramore,1
winter in tokyo,4e9pAAFSX0nkW7equTBYHo,ku$h drifter,2
winter in tokyo,4e9pAAFSX0nkW7equTBYHo,yng bnzo,2
barbie world with aqua from barbie the album,741UUVE2kuITl0c6zuqqbO,nicki minaj,3
barbie world with aqua from barbie the album,741UUVE2kuITl0c6zuqqbO,ice spice,3
barbie world with aqua from barbie the album,741UUVE2kuITl0c6zuqqbO,aqua,3
are you that somebody,3Ch0HLsUMMcqSq6kVHi9wm,aaliyah,1
sorry,09CtPGIpYB4BrO8qb1RGsF,justin bieber,1
poker face,1QV6tiMFM6fSOKOGLMHYYg,lady gaga,1
london bridge,1GH5tpvz5g1ZGKNBPBWkTm,fergie,1
worth it feat kid ink,41Fflg7qHiVOD6dEPvsCzO,fifth harmony,2
worth it feat kid ink,41Fflg7qHiVOD6dEPvsCzO,kid ink,2
super shy,5sdQOyqq2IDhvmx2lHOpwd,newjeans,1
waiting for love,2Zr5zgU9qEoOPvJbU0GScq,avicii,1
marry you,6SKwQghsR8AISlxhcwyA9R,bruno mars,1
shape of you,7qiZfU4dY1lWllzX7mPBI3,ed sheeran,1
22,6ce41JVa6KFaryfmC2bu2W,taylor swift,1
rich girl,2Y2q7PkD7lvuWr8YaZfWuv,gwen stefani,2
rich girl,2Y2q7PkD7lvuWr8YaZfWuv,eve,2
on fire,6kxXgUyPMsP43mbXAMVjWY,metr,1
paint the town red,56y1jOTK0XSvJzVv9vHQBK,doja cat,1
dance the night  from barbie the album,1vYXt7VSjH9JIM5oRRo7vA,dua lipa,1
starships,2EBCVPNAG46nbgs6jXPGvv,nicki minaj,1
blurred lines,5PUvinSo4MNqW7vmomGRS7,robin thicke,3
blurred lines,5PUvinSo4MNqW7vmomGRS7,t.i.,3
blurred lines,5PUvinSo4MNqW7vmomGRS7,pharrell williams,3
ghost boy,6Sjl4KtCBxaJza3BTTXJE6,jacob tillberg,1
complicated,5xEM5hIgJ1jjgcEBfpkt2F,avril lavigne,1
apologize,3VVuTYI50T7t0zznR91LNG,onerepublic,1
fuck you,1zneM1cLjM6w8BFmukl2Lr,ceelo green,1
lil boo thang,0cVyQfDyRnMJ0V3rjjdlU3,paul russell,1
this is what you came for,0azC730Exh71aQlOt9Zj3y,calvin harris,2
this is what you came for,0azC730Exh71aQlOt9Zj3y,rihanna,2
bang,552gcmAoC0Khwyzca21xQn,ku$h drifter,1
attention,5cF0dROlMOK5uNZtivgu50,charlie puth,1
club cant handle me feat david guetta,6ebkx7Q5tTxrCxKq4GYj0Y,flo rida,2
club cant handle me feat david guetta,6ebkx7Q5tTxrCxKq4GYj0Y,david guetta,2
so sick,5203pcq3cNteJuOVhIEnt6,ne-yo,1
havana feat young thug,1rfofaqEpACxVEHIZBJe6W,camila cabello,2
havana feat young thug,1rfofaqEpACxVEHIZBJe6W,young thug,2
a thousand miles,4pextOBn0xoPnKf7qrDjWg,vanessa carlton,1
run the world girls,1uXbwHHfgsXcUKfSZw5ZJ0,beyoncé,1
cherry chupacabra freestyle  chopped not slopped,0ZJgw1nxA8FTD5VyVb7448,riff raff,1
strong enough feat bailey zimmerman,66VuIGcM7fd8NLMoORCqVJ,jonas brothers,2
strong enough feat bailey zimmerman,66VuIGcM7fd8NLMoORCqVJ,bailey zimmerman,2
issues,7vu0JkJh0ldukEYbTVcqd0,julia michaels,1
oopsi did it again,6naxalmIoLFWR0siv8dnQQ,britney spears,1
boys a liar pt 2,6AQbmUe0Qwf5PZnt4HmTXv,pinkpantheress,2
boys a liar pt 2,6AQbmUe0Qwf5PZnt4HmTXv,ice spice,2
in the name of love,23L5CiUhw2jV1OIMwthR3S,martin garrix,2
in the name of love,23L5CiUhw2jV1OIMwthR3S,bebe rexha,2
wild ones feat sia,1NpW5kyvO4XrNJ3rnfcNy3,flo rida,2
wild ones feat sia,1NpW5kyvO4XrNJ3rnfcNy3,sia,2
marry the night,02d1E4NRuh7OEQO4vCb9PD,lady gaga,1
theres nothing holdin me back,7JJmb5XwzOO8jgpou264Ml,shawn mendes,1
maps,5rwdhliMmo0aAQ08vU0AOZ,maroon 5,1
smile,79z9QkhHePTFsSeVw9uyj0,lily allen,1
three trees,6NWq3JOKCQ21Av7y2q5RFb,jacob tillberg,1
cool kids,13P5rwmk2EsoFRIz9UCeh9,echosmith,1
telephone,6nCDnzErqalOaIY3EJM8NK,lady gaga,2
telephone,6nCDnzErqalOaIY3EJM8NK,beyoncé,2
like im gonna lose you feat john legend,2YlZnw2ikdb837oKMKjBkW,meghan trainor,2
like im gonna lose you feat john legend,2YlZnw2ikdb837oKMKjBkW,john legend,2
photograph,1HNkqx9Ahdgi1Ixy2xkKkL,ed sheeran,1
flames,33IOhptvC2Qoy2UhjiHXLV,david guetta,2
flames,33IOhptvC2Qoy2UhjiHXLV,sia,2
wrecking ball,2vwlzO0Qp8kfEtzTsCXfyE,miley cyrus,1
flowers  rudelies remix,5IR4eSVnuXPu8pJtQuzC5I,jacob tillberg,2
flowers  rudelies remix,5IR4eSVnuXPu8pJtQuzC5I,rudelies,2
price tag,2fTsFCKRFQ5M0igJgabnLA,jessie j,2
price tag,2fTsFCKRFQ5M0igJgabnLA,b.o.b,2
calm down with selena gomez,0WtM2NBVQNNJLh6scP13H8,rema,2
calm down with selena gomez,0WtM2NBVQNNJLh6scP13H8,selena gomez,2
aint no other man,7huo2wvrCgRucUsjdSDLQV,christina aguilera,1
gold digger,3QHPHLAkYV5cQBUYs6rowx,kanye west,2
gold digger,3QHPHLAkYV5cQBUYs6rowx,jamie foxx,2
we are never ever getting back together,0VwNdo84DaVYLIkbVO86ND,taylor swift,1
blinding lights,365hbjh0wlAIGOfRW5hdZc,jacob tillberg,1
bad romance,0SiywuOBRcynK0uKGWdCnn,lady gaga,1
idgaf,5fHNot2sHBsTUMqaGQlksX,dua lipa,1
flowers,1FvOiE8MGWB8MUCAPvro3h,jacob tillberg,1
it aint me with selena gomez,3eR23VReFzcdmS7TYCrhCe,kygo,2
it aint me with selena gomez,3eR23VReFzcdmS7TYCrhCe,selena gomez,2
thinking out loud,34gCuhDGsG4bRPIf9bb02f,ed sheeran,1
what the hell,2z4U9d5OAA4YLNXoCgioxo,avril lavigne,1
cake by the ocean,76hfruVvmfQbw0eYn1nmeC,dnce,1
et,05PNBWOlexyIehkrSmvZSY,katy perry,1
animals,2bL2gyO6kBdLkNSkxXNh6x,maroon 5,1
training season,6Qb7YsAqH4wWFUMbGsCpap,dua lipa,1
what makes you beautiful,4cluDES4hQEUhmXj6TXkSo,one direction,1
im not the only one,7795WJLVKJoAyVoOtCWqXN,sam smith,1
stockholm,198asGCZWwoQVdLxYSlPTx,jubël,1
poy point of you,1PCJLKibpFnXhuwXvg8fsE,samy omari,1
water,5aIVCx5tnk0ntmdiinnYvw,tyla,1
its ok im ok,24XihnoVPWXlKJ4BgXqjVM,tate mcrae,1
espresso,2qSkIjg1o9h3YT9RAgYN75,sabrina carpenter,1
teenage dream,55qBw1900pZKfXJ6Q9A2Lc,katy perry,1
bye,1Rweq7vNjK4kZBbGrmxQsl,ariana grande,1
7 rings,6ocbgoVGwYJhOv1GgI9NsF,ariana grande,1
how you get the girl taylors version,75W3SngKzTuoQ94uLf3y82,taylor swift,1
naturally,1YaVmBh7EAeR54FIjuFcb5,selena gomez & the scene,1
hurricane,7gQ5c5HY6zMsIck6QLY9dJ,bridgit mendler,1
close to you,5wbg8kepMFoMzHOEuxiI0q,gracie abrams,1
please please please,5N3hjp1WNayUPZrA8kJmJP,sabrina carpenter,1
femininomenon,53IRnAWx13PYmoVYtemUBS,chappell roan,1
superstar,5u5MpBnvJejW9dHPrfWEXZ,jamelia,1
california gurls,6tS3XVuOyu10897O3ae7bi,katy perry,2
california gurls,6tS3XVuOyu10897O3ae7bi,snoop dogg,2
feather,2Zo1PcszsT9WQ0ANntJbID,sabrina carpenter,1
ugly heart,1Vv0MPcooEoQzVZYfKMgKW,g.r.l.,1
taste,5G2f63n7IPVPPjfNIGih7Q,sabrina carpenter,1
really dont care,3xSp2wM7K4wrjZivuCRwox,demi lovato,2
really dont care,3xSp2wM7K4wrjZivuCRwox,cher lloyd,2
you belong with me taylors version,1qrpoAMXodY6895hGKoUpA,taylor swift,1
style taylors version,1hjRhYpWyqDpPahmSlUTlc,taylor swift,1
cool girl,3tJ4y2Zqx6gM9xOAuFfsSF,tove lo,1
shower,3DmW6y7wTEYHJZlLo1r6XJ,becky g,1
thank u next,3e9HZxeyfWwjeyPAMmWSSQ,ariana grande,1
pink friday girls,44L2bY93uD65CEHWbozpx4,nicki minaj,1
last friday night tgif,455AfCsOhhLPRc68sE01D8,katy perry,1
super bass,3hlksXnvbKogFdPbpO9vel,nicki minaj,1
smile,4bia7OWZPoswlzXCqESYrR,avril lavigne,1
allamerican bitch,34sOdxWu9FljH84UXdRwu1,olivia rodrigo,1
tusa,7k4t7uLgtOxPwTpFmtJNTY,karol g,2
tusa,7k4t7uLgtOxPwTpFmtJNTY,nicki minaj,2
break free,12KUFSHFgT0XCoiSlvdQi4,ariana grande,2
break free,12KUFSHFgT0XCoiSlvdQi4,zedd,2
gimme more,6ic8OlLUNEATToEFU3xmaH,britney spears,1
radar,29Srmzqyig5Tg5EitFXsb8,britney spears,1
kings  queens,7a53HqqArd4b9NF4XAmlbI,ava max,1
real girl,3tN2RIJYSNoELqFlNFeP37,mutya buena,1
i wanna go,5cCAZS9VhLGEDV4NCfieeg,britney spears,1
single soon,6iF4RgIjDvDqyW13PezSj3,selena gomez,1
vicious,6Alp15t6urC4opjJiyOqZu,sabrina carpenter,1
material girl,22sLuJYcvZOSoLLRYev1s5,madonna,1
blow me one last kiss,4k80K0b6KZ2QjAYkXON7q6,p!nk,1
pon de replay,4TsmezEQVSZNNPv5RJ65Ov,rihanna,1
wannabe,0n6FMFq5bE22tNTmd6L9U4,spice girls,1
i love it feat charli xcx,1rhXXcrYp9RRObN5gsmqCU,icona pop,2
i love it feat charli xcx,1rhXXcrYp9RRObN5gsmqCU,charli xcx,2
domino,7kg7gCtbQF6zPk0dKpsWTY,jessie j,1
girlfriend,45hOioMDJktr86iKDHC8gr,avril lavigne,1
look at her now,7eOkHIcaoUhngxxypM5Ajr,selena gomez,1
kill em with kindness,7KxhSJOYiqCDclXDBNlFSZ,selena gomez,1
hands to myself,3CJvmtWw2bJsudbAC5uCQk,selena gomez,1
sorry not sorry,0yvPEnB032fojLfVluFjUv,demi lovato,1
dont start now,6WrI0LAC5M1Rw2MnX2ZvEg,dua lipa,1
blow your mind mwah,7kJlTKjNZVT26iwiDUVhRm,dua lipa,1
sledgehammer,4rUTAkOU7OkVGeQuyQCHhF,fifth harmony,1
touch,1gG5MoWK5SmHUcQPa2jxdP,little mix,1
shout out to my ex,0ErK6K0kYr0Ow2RkPMhmMs,little mix,1
wings,3180WDzph4WrS4sLSNcGfa,little mix,1
girls like feat zara larsson,0rHVd8h0cFwgLgPFem6S60,tinie tempah,2
girls like feat zara larsson,0rHVd8h0cFwgLgPFem6S60,zara larsson,2
no excuses,7fCNUWi6uflDTQ08srxMZk,meghan trainor,1
motivation,0rIAC4PXANcKmitJfoqmVm,normani,1
sweet but psycho,7DnAm9FOTWE3cUvso43HhI,ava max,1
lush life,2kvgmr5CFhSvleQqTjB3eP,zara larsson,1
dont call me up,5WHTFyqSii0lmT9R21abT8,mabel,1
mad love,6ImEBuxsbuTowuHmg3Z2FO,mabel,1
i would like,0k9gqa8mjVMeoFuGIsudtY,zara larsson,1
aint my fault,2K9OuOMhtNGtbbqQhALv8i,zara larsson,1
ciao adios,3EfugazgSddQvzZpkof5I4,anne-marie,1
pretty girl  cheat codes x cade remix,39IsH7B5byx8NRlEKlZVg9,maggie lindemann,3
pretty girl  cheat codes x cade remix,39IsH7B5byx8NRlEKlZVg9,cade,3
pretty girl  cheat codes x cade remix,39IsH7B5byx8NRlEKlZVg9,cheat codes,3
fight song,37f4ITSlgPX81ad2EvmVQr,rachel platten,1
no tears left to cry,2qT1uLXPVPzGgFOx4jtEuo,ariana grande,1
va va voom,2jATUzETZL49e6SywauZKE,nicki minaj,1
stupid love,7yBbV2k2S2uhaQc24NF2xt,lady gaga,1
all in my head flex feat fetty wap,62aXseVSNAFLRweK5nyb3F,fifth harmony,2
all in my head flex feat fetty wap,62aXseVSNAFLRweK5nyb3F,fetty wap,2
sm remix,44FAj28ivN0HJ0xVYwQ9nL,rihanna,2
sm remix,44FAj28ivN0HJ0xVYwQ9nL,britney spears,2
work from home feat ty dolla ign,1JsUAmsjNz6oGuRTFG93qH,fifth harmony,2
work from home feat ty dolla ign,1JsUAmsjNz6oGuRTFG93qH,ty dolla $ign,2
woman like me feat nicki minaj,6rrTr2HEAzlpC4KWZxF3S1,little mix,2
woman like me feat nicki minaj,6rrTr2HEAzlpC4KWZxF3S1,nicki minaj,2
god is a woman,5OCJzvD7sykQEKHH7qAC3C,ariana grande,1
positions,35mvY5S1H3J2QZyna3TFe0,ariana grande,1
no scrubs,1KGi9sZVMeszgZOWivFpxs,tlc,1
prisoner feat dua lipa,2Oycxb8QbPkpHTo8ZrmG0B,miley cyrus,2
prisoner feat dua lipa,2Oycxb8QbPkpHTo8ZrmG0B,dua lipa,2
lose my breath,2n4uOdMHzEvcZ0KP7iQnay,destiny's child,1
hit em up style oops,4zYTZvtcww7OWKie7fxA9E,blu cantrell,1
what a girl wants,5bGmuxShUba9maPswDnhCs,christina aguilera,1
bills bills bills,1Oi2zpmL81Q0yScF1zxaC0,destiny's child,1
genie in a bottle,11mwFrKvLXCbcVGNxffGyP,christina aguilera,1
glamorous,6vVfNqiMSku4FrqsqhurBK,fergie,2
glamorous,6vVfNqiMSku4FrqsqhurBK,ludacris,2
jumpin jumpin,4pmc2AxSEq6g7hPVlJCPyP,destiny's child,1
round round,5O2Ft5ENCfAh6JCgykJs76,sugababes,1
say my name,7H6ev70Weq6DdpZyyTmUXk,destiny's child,1
express yourself,6ioBgySxoeQKALvAeLEmId,madonna,1
say it right,2aI21FnmY7TJVKeMaoQZ0t,nelly furtado,1
my girlfriends are my boyfriend feat saweetie,3Ge1KFkRXKJgPz3keyQWaw,demi lovato,2
my girlfriends are my boyfriend feat saweetie,3Ge1KFkRXKJgPz3keyQWaw,saweetie,2
kiss me more feat sza,748mdHapucXQri7IAO8yFK,doja cat,2
kiss me more feat sza,748mdHapucXQri7IAO8yFK,sza,2
built this way slow remix,4qdeY9W7NYLSHlF3nX43TW,samantha ronson,1
all night,19EW7iS3wXlKqgWIdttGXN,icona pop,1
good 4 u,4ZtFanR9U6ndgddUvNcjcG,olivia rodrigo,1
feeling myself,4vgTAdLit4VNnxZ7YK06NW,nicki minaj,2
feeling myself,4vgTAdLit4VNnxZ7YK06NW,beyoncé,2
maneater,4wH4dJgrsxONID6KS2tDQM,nelly furtado,1
black magic,6rmXhRIemCTPyMYZRDN7Qg,little mix,1
move,1bmtVglfmSQWfKjgPyERJ8,little mix,1
bubblegum bitch,6IbnUaczZBT34DhaD6S18F,marina,1
primadonna,4sOX1nhpKwFWPvoMMExi3q,marina,1
torn,6SpVp6ttad3XJOsjKBZwaq,ava max,1
not your barbie girl,4fkM7M4Uo5AUASnnsRC7EZ,ava max,1
break up song,5HArmECc1y0lCHKVKDKXa4,little mix,1
potential breakup song,11dxtPJKR4E0wlSr0A0t47,aly & aj,1
the sweet escape,5BHtT1xpC44pGy1J7RKY4T,gwen stefani,2
the sweet escape,5BHtT1xpC44pGy1J7RKY4T,akon,2
woman,6Uj1ctrBOjOas8xZXGqKk4,doja cat,1
motive with doja cat,5GkQIP5mWPi4KZLLXeuFTT,ariana grande,2
motive with doja cat,5GkQIP5mWPi4KZLLXeuFTT,doja cat,2
million dollar bill,78Liq9m8u6xjuamJIeznTd,whitney houston,1
pretty girls,6QicTxeiSaRkPnkGDUvYOs,britney spears,2
pretty girls,6QicTxeiSaRkPnkGDUvYOs,iggy azalea,2
naughty girl,0YGQ3hZcRLC5YX7o0hdmHg,beyoncé,1
the man,3RauEVgRgj1IuWdJ9fDs70,taylor swift,1
just like magic,7Dx9Z6Aon1qPS2N0rHSWTe,ariana grande,1
mr saxobeat,4ycxTFeO4ZADJwJZaMGMYb,alexandra stan,1
who i am,1o8kO8YyMWRAeb9bE2AIxO,anne-marie,1
break my soul,2KukL7UlQ8TdvpaA7bY3ZJ,beyoncé,1
cant do better,7t9gDWqX10tbhtriPR1Cnd,kim petras,1
we are never ever getting back together taylors version,5YqltLsjdqFtvqE7Nrysvs,taylor swift,1
despechá,5ildQOEKmJuWGl2vRkFdYc,rosalía,1
rain on me with ariana grande,24ySl2hOPGCDcxBxFIqWBu,lady gaga,2
rain on me with ariana grande,24ySl2hOPGCDcxBxFIqWBu,ariana grande,2
bejeweled,0jvo9CjnbR0lYUDTSNTMiu,taylor swift,1
kill bill,3OHfY25tqY28d16oZczHc8,sza,1
the edge of glory,57F80059mWaWFvWG3tBTbO,lady gaga,1
million dollar baby,3wFM8TWbbkwPuB6TyqpVDv,ava max,1
cuff it,1xzi1Jcr7mEi9K2RfzLOqS,beyoncé,1
what dreams are made of,7J1S5n6Kn4wZEu6xrBT0gk,hilary duff,1
nonsense,6dgUya35uo964z7GZXM07g,sabrina carpenter,1
i wish you would taylors version,43y1WpBdnEy5TR9aZoSQL9,taylor swift,1
on my mind,5a7NdkF09AfD0H607eiOkX,ellie goulding,1
if we ever broke up,6maTPqynTmrkWIralgGaoP,mae stephens,1
angel from barbie the album,0CpfO9VNiW0OGIaZO6zO3n,pinkpantheress,1
what it is solo version,73RbfOTJIjHzi2pcVHjeHM,doechii,1
raining men,1gCWLA71vXQmINwo6WxH4t,rihanna,2
raining men,1gCWLA71vXQmINwo6WxH4t,nicki minaj,2
girl so confusing featuring lorde,2YFhqZvhTpyK13gKXMKV7R,charli xcx,2
girl so confusing featuring lorde,2YFhqZvhTpyK13gKXMKV7R,lorde,2
speed drive from barbie the album,5VxmI3IdgAxWVvUnJoLuY2,charli xcx,1
barbie dreams feat kaliii from barbie the album,7njDhlprmHJ1I9pM0rxMON,fifty fifty,2
barbie dreams feat kaliii from barbie the album,7njDhlprmHJ1I9pM0rxMON,kaliii,2
2 die 4 feat charli xcx,7lvfYYQXH6fxP7JAiY1tjz,addison rae,2
2 die 4 feat charli xcx,7lvfYYQXH6fxP7JAiY1tjz,charli xcx,2
shake it off taylors version,3pv7Q5v2dpdefwdWIvE7yH,taylor swift,1
get him back,2gyxAWHebV7xPYVxqoi86f,olivia rodrigo,1
just a girl,5lWRaa0fBxDE5yU91npPq7,no doubt,1
made in the usa,4A4jWRGo7pRJ8hPLC9xVoG,demi lovato,1
love on top,1z6WtY7X4HQJvzxC4UgkSf,beyoncé,1
give your heart a break,3sP3c86WFjOzHHnbhhZcLA,demi lovato,1
circus,7jk7gqyEonmVVYahZN5zhW,britney spears,1
successful,5YeHLHDdQ4nKHk81XFWhCU,ariana grande,1
the light is coming feat nicki minaj,0sdbFOyfgAhAhWq8DpzkaW,ariana grande,2
the light is coming feat nicki minaj,0sdbFOyfgAhAhWq8DpzkaW,nicki minaj,2
only girl in the world,2ENexcMEMsYk0rVJigVD3i,rihanna,1
show me love  radio version,6SluaPiV04KOaRTOIScoff,robyn,1
unwritten,3U5JVgI2x4rDyHGObzJfNf,natasha bedingfield,1
cant fight the moonlight,10FP9hm2aFfAIKEopqaG9D,leann rimes,1
i think im in love with you,4jIgNRzwUAQCctDDM3Kxd4,jessica simpson,1
ready or not,5xvUgoVED1F4mBu8FL0HaW,bridgit mendler,1
good girl,7spFEoLxDv20MEg9paKaQ5,alexis jordan,1
rock n roll,471JGLzHPrgM4lS9mNOEIt,avril lavigne,1
love you like a love song,7lAoovVf67mECK18oOpJbc,selena gomez & the scene,1
fight for this love,33IQnmtJYjCcrvUUMQgi80,cheryl,1
hard out here,3U3BXlwNTkCx7lW9m1H9RY,lily allen,1
want u back,5InWRmnfgjVwQWoXHNBATu,cher lloyd,1
pocketful of sunshine,1uigwk5hNV84zRd5YQQRTk,natasha bedingfield,1
love like this feat sean kingston,2FDXMNnzPstPQgZ1BM4vX0,natasha bedingfield,2
love like this feat sean kingston,2FDXMNnzPstPQgZ1BM4vX0,sean kingston,2
the tide is high  radio mix,5WuVWOngcRkMOx9RRLCvui,atomic kitten,1
fly,2E1RGgFtr1X4H6glXOtABo,nicki minaj,2
fly,2E1RGgFtr1X4H6glXOtABo,rihanna,2
popular song,6AviHKu3ydzAePBmzEi62v,mika,2
popular song,6AviHKu3ydzAePBmzEi62v,ariana grande,2
i know where its at,0ugHbbuxII19JNMCdMUDOe,all saints,1
leave get out,3QigOeWryUCP56I1IlTB9x,jojo,1
national anthem,5JyDveG5JnK2PqEXtETUp1,lana del rey,1
never really over,5PYQUBXc7NYeI1obMKSJK0,katy perry,1
alejandro,0iOu4s8w3pE9vbpb1SHXsL,lady gaga,1
firework,4lCv7b86sLynZbXhfScfm2,katy perry,1
blank space taylors version,45wMBGri1PORPjM9PwFfrS,taylor swift,1
new romantics taylors version,2vPMoMDXxu9uX1igWZmXSG,taylor swift,1
we r who we r,3LUWWox8YYykohBbHUrrxd,kesha,1
how ya doin,2rJWY0oG1vA0QDk1ajHz6d,little mix,1
round  round,1LOuZmemeDN1SkJc9EemFI,selena gomez & the scene,1
hit the lights,6ciLLh4TkPYDUfNxn2Z0KO,selena gomez & the scene,1
roar,27tNWlhdAryQY04Gb2ZhUI,katy perry,1
anticipating,6dKYAtGciLRm8uOD1LiSVf,britney spears,1
exes,4E63weMCaNZuGPEFMnuEi8,tate mcrae,1
since u been gone,6JY1IdkZGeIcPegKxjSKeb,kelly clarkson,1
beauty and a beat,6QFCMUUq1T2Vf5sFUXcuQ7,justin bieber,2
beauty and a beat,6QFCMUUq1T2Vf5sFUXcuQ7,nicki minaj,2
barbie girl,5ZrDlcxIDZyjOzHdYW1ydr,aqua,1
do it well feat ludacris,2jQrtYfuGN1WbKi9d1BwGn,jennifer lopez,2
do it well feat ludacris,2jQrtYfuGN1WbKi9d1BwGn,ludacris,2
cmon,4bO6IzKXMWhmncfIO9GBq2,kesha,1
just dance,1dzQoRqT5ucxXVaAhTcT0J,lady gaga,2
just dance,1dzQoRqT5ucxXVaAhTcT0J,colby o'donis,2
lovegame,0eH2eHURaXUP15D8gQlfjx,lady gaga,1
never say never,5GYbkDveRD2I8M5ZJ14hWn,justin bieber,2
never say never,5GYbkDveRD2I8M5ZJ14hWn,jaden,2
neon lights,1WINLcGPEw9jDs2z0zLKIU,demi lovato,1
beautiful liar,2HWWNoWEEEECwZhAiLg7ib,beyoncé,2
beautiful liar,2HWWNoWEEEECwZhAiLg7ib,shakira,2
dont hold your breath,7pAq1IXYZpL42HchCminu6,nicole scherzinger,1
dark horse,4jbmgIyjGoXjY01XxatOx6,katy perry,2
dark horse,4jbmgIyjGoXjY01XxatOx6,juicy j,2
la la land,0M9VqYG0wVun054JIdwFO8,demi lovato,1
fabulous,6wgQdBucsTofex57f3Rxnz,sharpay evans,3
fabulous,6wgQdBucsTofex57f3Rxnz,ryan,3
fabulous,6wgQdBucsTofex57f3Rxnz,disney,3
fancy,3W3KtDwAIg3mAruSpnfG3Q,iggy azalea,2
fancy,3W3KtDwAIg3mAruSpnfG3Q,charli xcx,2
waking up in vegas,0CINJz55gaKzuAsqhZ0hEU,katy perry,1
tell me something i dont know,0AbLBnxjPyqmBMW2slYukj,selena gomez & the scene,1
im a slave 4 u,6ldwfK0yWgTAlmIfuQkTYN,britney spears,1
gypsy,2EP2fYLLC32XI5PaDKhylj,shakira,1
rock star  from hannah montana 2,6KN9atd3DRhmSRWeCSKkkL,hannah montana,1
im out feat nicki minaj,3c7MNgwEBQTnrOWLjU1DHq,ciara,2
im out feat nicki minaj,3c7MNgwEBQTnrOWLjU1DHq,nicki minaj,2
break up with your girlfriend im bored,4kV4N9D1iKVxx1KLvtTpjS,ariana grande,1
bad girls,6nzXkCBOhb2mxctNihOqbb,m.i.a.,1
habits stay high,18AJRdgUoO9EYn11N7xzaT,tove lo,1
something about the sunshine,0Jcnr8HUGQdaOiSkqpdEKX,anna margaret,2
something about the sunshine,0Jcnr8HUGQdaOiSkqpdEKX,christopher wilde,2
automatic,4HWOkaS6pRmNODWmS7EGvs,nicki minaj,1
hurt my feelings,4mFcwFOlSCxp6hjemRXwpd,tate mcrae,1
irreplaceable,6RX5iL93VZ5fKmyvNXvF1r,beyoncé,1
kiss you,4My8w8AA1JpG6E5SiAPvJL,one direction,1
talking body,7cgu4JBW3hq1GwTM1ilkKQ,tove lo,1
swish swish,3OtMnyUaiipcAT23A8liyi,katy perry,2
swish swish,3OtMnyUaiipcAT23A8liyi,nicki minaj,2
pretty girl  cheat codes x cade remix,1NDxZ7cFAo481dtYWdrUnR,maggie lindemann,3
pretty girl  cheat codes x cade remix,1NDxZ7cFAo481dtYWdrUnR,cheat codes,3
pretty girl  cheat codes x cade remix,1NDxZ7cFAo481dtYWdrUnR,cade,3
when i grow up,21pySLskKIKrhDziCX5ojQ,the pussycat dolls,1
i wanna dance with somebody who loves me,2tUBqZG2AbRi7Q0BIrVrEj,whitney houston,1
not my fault with megan thee stallion,18dlAFKaajLjRgBNZZ4ThU,reneé rapp,2
not my fault with megan thee stallion,18dlAFKaajLjRgBNZZ4ThU,megan thee stallion,2
judas,7F25roCtYi55JouckaayPC,lady gaga,1
hot to go,4xdBrk0nFZaP54vvZj0yx7,chappell roan,1
who says,6dn9ndETOjczUSQO5UhKJa,selena gomez & the scene,1
bitch im madonna,2bZMOs3RjmhhGca6MEzjyl,madonna,2
bitch im madonna,2bZMOs3RjmhhGca6MEzjyl,nicki minaj,2
maybe youre the problem,6WDG2ybdV3SBXV0lwBGu4D,ava max,1
paint the town red,2IGMVunIBsBLtEQyoI1Mu7,doja cat,1
wide awake,5JLv62qFIS1DR3zGEcApRt,katy perry,1
your song,4c2W3VKsOFoIg2SFaO6DY5,rita ora,1
i will never let you down,03rhu2vIylSFLUagt7wi5D,rita ora,1
how we do party,5zBDg6Pp5LFyhaSCqm3p5d,rita ora,1
let you love me,6xtcFXSo8H9BZN637BMVKS,rita ora,1
texas hold em,7AYmToZ5y67fBjq4RLFbuq,beyoncé,1
dont be so hard on yourself,1KtVVUM6OkpyOsbVfbMybX,jess glynne,1
same old love,6ZANrVuAMp2rpjhfbOuJly,selena gomez,1
breakin dishes,3XeHVrTKlricOyk5VsVKxd,rihanna,1
shut up and drive,7AQjiRtIpr33P8UT98iveh,rihanna,1
disturbia,30VrBsh1STRBoIrhQOAwzK,rihanna,1
whats my name,5FTCKvxzqy72ceS4Ujux4N,rihanna,2
whats my name,5FTCKvxzqy72ceS4Ujux4N,drake,2
california king bed,0uIGzK6ukV0A5yWoCxPkRL,rihanna,1
if its lovin that you want,1Q29dre9FCspRSarHziizl,rihanna,1
you da one,3Yt9lRtS5V4nbJnwcgFgvC,rihanna,1
where have you been,3tyPOhuVnt5zd5kGfxbCyL,rihanna,1
watch n learn,1ROCX1nquOZ5i05YfGysu0,rihanna,1
talk that talk,57mKcbEq7nMqtJ4gqJvWcp,rihanna,2
talk that talk,57mKcbEq7nMqtJ4gqJvWcp,jay-z,2
drunk on love,5slPHHHP6vsqtY4r977QLR,rihanna,1
pour it up,5r67bGhYXZNqk2m2Wupfmu,rihanna,1
right now,42Ow7PS3YtCWplolUUigDo,rihanna,2
right now,42Ow7PS3YtCWplolUUigDo,david guetta,2
pink pony club,1k2pQc5i348DCHwbn5KTdc,chappell roan,1
si antes te hubiera conocido,6WatFBLVB0x077xWeoVc2k,karol g,1
youll always find your way back home,12wSL3tGk3MtbDEhfG7xy3,hannah montana,1
